Image,Caption
./flickr8k/Images/1055623002_8195a43714.jpg,Two women in a dress and a white dress
./flickr8k/Images/107318069_e9f2ef32de.jpg,A man in a yellow shirt is playing with a ball in a crowd
./flickr8k/Images/108898978_7713be88fc.jpg,A man in a red jacket and black pants is skiing down a snowy hill
./flickr8k/Images/1089181217_ee1167f7af.jpg,A brown dog with a stick in its mouth
./flickr8k/Images/109260216_85b0be5378.jpg,A person climbs a rock
./flickr8k/Images/1104133405_c04a00707f.jpg,A young boy in a white shirt and a white shirt
./flickr8k/Images/111497985_38e9f88856.jpg,A man in a black shirt is standing on a rock in front of a rocky cliff
./flickr8k/Images/1119418776_58e4b93eac.jpg,A dog runs with a ball in his mouth
./flickr8k/Images/1122944218_8eb3607403.jpg,A baby in a white shirt and a white shirt
./flickr8k/Images/1130401779_8c30182e3e.jpg,Two dogs are in a river
./flickr8k/Images/1138784872_69ade3f2ab.jpg,A woman in a red dress walks down a city street
./flickr8k/Images/1160034462_16b38174fe.jpg,A man in a black hat is sitting on a bench
./flickr8k/Images/1167908324_8caab45e15.jpg,A man in a black shirt and a woman in a white shirt
./flickr8k/Images/1207159468_425b902bfb.jpg,A man in a blue shirt and a hat is standing on a rock
./flickr8k/Images/1235580648_7eebaed9bc.jpg,Two people in a costume
./flickr8k/Images/123997871_6a9ca987b1.jpg,A man in a red uniform is running with a football
./flickr8k/Images/1240297429_c36ae0c58f.jpg,A dog runs through a field with a ball in its mouth
./flickr8k/Images/1248734482_3038218f3b.jpg,A little girl in a pink dress and pink hat is running on a grassy field
./flickr8k/Images/1267711451_e2a754b4f8.jpg,A dog with a stick in its mouth
./flickr8k/Images/1271960365_e54033f883.jpg,A black dog running on the beach
./flickr8k/Images/1273001772_1585562051.jpg,A group of young children are playing in a fountain
./flickr8k/Images/1287073593_f3d2a62455.jpg,A man and a woman are playing in a snowy field
./flickr8k/Images/1296770308_3db2022f5a.jpg,A man and a woman are sitting on a bench
./flickr8k/Images/1309330801_aeeb23f1ee.jpg,A man doing a skateboard trick on a skateboard
./flickr8k/Images/1348891916_ebd4413033.jpg,A brown dog is splashing in the snow
./flickr8k/Images/1350948838_fdebe4ff65.jpg,A dog jumps into a swimming pool
./flickr8k/Images/1351315701_6580b51c41.jpg,A dog runs with a ball in its mouth
./flickr8k/Images/1355833561_9c43073eda.jpg,A man and a woman are walking on the beach
./flickr8k/Images/136639119_6040b00946.jpg,A man in a yellow shirt climbs a rock
./flickr8k/Images/1378557186_4bd1da6834.jpg,A man and a dog are playing with a ball in a grassy field
./flickr8k/Images/1394368714_3bc7c19969.jpg,A man and a dog are sitting on a bench
./flickr8k/Images/140377584_12bdbdf2f8.jpg,A white dog jumps over a rock
./flickr8k/Images/1425013325_bff69bc9da.jpg,Two dogs play in the surf
./flickr8k/Images/1429546659_44cb09cbe2.jpg,A dog with a stick in its mouth
./flickr8k/Images/143237785_93f81b3201.jpg,A dog is jumping over a white wall
./flickr8k/Images/1433397131_8634fa6664.jpg,A little girl in a yellow dress is playing with flowers
./flickr8k/Images/1452361926_6d8c535e32.jpg,A little boy in a red shirt is holding a red and yellow flag
./flickr8k/Images/1459250022_bf1eddad11.jpg,A man in a white shirt and black pants is standing in front of a crowd of people
./flickr8k/Images/1473250020_dc829a090f.jpg,A man in a red shirt climbs a rock
./flickr8k/Images/1479124077_17dcc0d5d7.jpg,A dog jumps over a tennis ball in a field
./flickr8k/Images/1499554025_a8ffe0e479.jpg,A man and a woman are standing in front of a white building
./flickr8k/Images/1510078253_96e9ec50e7.jpg,A brown dog with a red collar is playing with a ball in the snow
./flickr8k/Images/1525153022_06c48dbe52.jpg,A dog running through the water
./flickr8k/Images/1527513023_3d8152b379.jpg,A little boy in a yellow bathing suit plays in a yellow inflatable pool
./flickr8k/Images/1529044279_4922ead27c.jpg,A group of people are walking down a street with a man in a red shirt and a woman in a black shirt
./flickr8k/Images/1579206585_5ca6a24db0.jpg,A woman in a red shirt and a hat is looking at a camera
./flickr8k/Images/1579287915_4257c54451.jpg,A man climbs a rock
./flickr8k/Images/1675679141_36c9bc2969.jpg,A man in a black wetsuit is standing on a rock in a lake
./flickr8k/Images/1713248047_d03721456d.jpg,Two dogs are running in a field
./flickr8k/Images/1716445442_9cf3528342.jpg,A man in a blue shirt is standing in a rocky area
./flickr8k/Images/173020287_230bfc4ffc.jpg,A man in a white shirt is holding a dog that is running on a grassy field
./flickr8k/Images/1795151944_d69b82f942.jpg,A man and a dog are running with a dog in a field
./flickr8k/Images/1797507760_384744fb34.jpg,A group of people sit on a rock
./flickr8k/Images/1798209205_77dbf525b0.jpg,A woman in a yellow shirt is looking at a camera
./flickr8k/Images/1808370027_2088394eb4.jpg,A dog swims through a river
./flickr8k/Images/1813266419_08bf66fe98.jpg,A young girl in a pink shirt and red shorts walking down a street
./flickr8k/Images/181415975_2627aa6668.jpg,A man in a red shirt is jumping into a lake
./flickr8k/Images/1827560917_c8d3c5627f.jpg,A dog with a red collar and a red collar is looking at a camera
./flickr8k/Images/1897025969_0c41688fa6.jpg,A black and white dog chewing on a stick
./flickr8k/Images/2021671653_567395c7cf.jpg,A man in a yellow shirt is standing on a sidewalk with a child in a green shirt
./flickr8k/Images/2041867793_552819a40b.jpg,A little boy in a yellow shirt is sitting on a chair in a chair
./flickr8k/Images/2049051050_20359a434a.jpg,A man in a hat and hat is sitting on a rock
./flickr8k/Images/2050067751_22d2763fd2.jpg,A boy in a yellow shirt is jumping off a wooden structure
./flickr8k/Images/2053733930_e245615ad4.jpg,A man in a red jacket and black hat is snowboarding
./flickr8k/Images/2056930414_d2b0f1395a.jpg,A little boy in a red shirt plays with a red flag
./flickr8k/Images/2061144717_5b3a1864f0.jpg,A man and a woman are walking down a cement wall
./flickr8k/Images/2067833088_04e84e5bf2.jpg,A man in a blue shirt is rock climbing
./flickr8k/Images/2069279767_fb32bfb2de.jpg,A man in a red shirt climbs a rock
./flickr8k/Images/2070831523_5035d5537e.jpg,A woman in a black jacket and a helmet rides a bike
./flickr8k/Images/2072574835_febf0c5fb9.jpg,A race car is driving around a track
./flickr8k/Images/2073756099_7e02c0110c.jpg,A black and white dog swimming in a pool
./flickr8k/Images/2085557551_7a88d01d4e.jpg,A woman in a white dress and a white dress
./flickr8k/Images/2088532947_c628e44c4a.jpg,A woman in a yellow dress and a girl in a green dress
./flickr8k/Images/2089122314_40d5739aef.jpg,A dog running on the beach
./flickr8k/Images/2090386465_b6ebb7df2c.jpg,A man with a mohawk and a hat
./flickr8k/Images/2095007523_591f255708.jpg,A baby in a yellow shirt is sitting on a chair
./flickr8k/Images/2095444126_201ff9f222.jpg,A white and white dog with a stick in its mouth
./flickr8k/Images/2095478050_736c4d2d28.jpg,A woman and a woman are playing with a red and white bag
./flickr8k/Images/2097489021_ca1b9f5c3b.jpg,A group of children playing with a red and white and white bag
./flickr8k/Images/2098646162_e3b3bbf14c.jpg,A dog bites at a woman s face
./flickr8k/Images/2103361407_4ed4fc46bf.jpg,A group of young men are sitting on a bench
./flickr8k/Images/210686241_b8e069fff3.jpg,A boy in a blue shirt is playing in a pool
./flickr8k/Images/2107837987_ffecfc367a.jpg,A little boy in a red shirt is standing on a river
./flickr8k/Images/2109370875_05241bdda7.jpg,A woman wearing a white hat and a hat
./flickr8k/Images/2115631346_9585a479b0.jpg,A brown dog is running through a snowy field
./flickr8k/Images/2119302248_72493d458c.jpg,A woman wearing a black shirt and a hat
./flickr8k/Images/2120469056_7a738413be.jpg,A man in a swimming pool
./flickr8k/Images/2142232919_c857a09dd7.jpg,A black dog with a red collar and a brown dog
./flickr8k/Images/2144049642_070cf541b4.jpg,A little girl in a yellow dress and a pink shirt
./flickr8k/Images/2158247955_484f0a1f11.jpg,A dog is running through a snowy field
./flickr8k/Images/2165461920_1a4144eb2b.jpg,A white and white dog with a tennis ball in its mouth
./flickr8k/Images/217838128_1f0a84ddc1.jpg,A man in a boat on a lake
./flickr8k/Images/2186367337_0ce9ce2104.jpg,A dog running on the beach
./flickr8k/Images/2187720319_112d00f07d.jpg,A black and white dog is biting a tree branch
./flickr8k/Images/2191329761_3effd856c5.jpg,A man in a blue shirt and black uniform is riding a horse on a track
./flickr8k/Images/2192333873_2a0cbe849d.jpg,A man in a black wetsuit is standing in the snow
./flickr8k/Images/219301553_d2fffe9e0c.jpg,A group of people are in a river with a large rock in the background
./flickr8k/Images/2194286203_5dc620006a.jpg,A little girl in a pink shirt and blue jeans is running on the beach
./flickr8k/Images/2194495372_bdac7d9e71.jpg,A man and a woman are playing soccer
./flickr8k/Images/2196846255_2c1635359a.jpg,A dog swimming in the ocean
./flickr8k/Images/2199250692_a16b0c2ae1.jpg,A man in a yellow shirt and black pants is walking down a street with a man in a yellow shirt
./flickr8k/Images/2200901777_f6c168bd32.jpg,A woman with a white shirt and a black hat
./flickr8k/Images/2204695848_3d1b140212.jpg,A woman with a mohawk and a hat
./flickr8k/Images/2205328215_3ffc094cde.jpg,A man in a red helmet rides a bike through a forest
./flickr8k/Images/2209496328_2a34fd201d.jpg,A white dog with a red collar is swimming in a river
./flickr8k/Images/2216568822_84c295c3b0.jpg,A woman wearing a red hat and hat is holding a flag
./flickr8k/Images/2218609886_892dcd6915.jpg,A man in a black shirt and a woman in a black shirt
./flickr8k/Images/2222186636_85e03e0b75.jpg,A group of young boys are standing in front of a crowd
./flickr8k/Images/222759342_98294380fc.jpg,A woman and a dog are sitting on a pile of hay
./flickr8k/Images/223299137_b0e81ac145.jpg,Three people are in a boat on a lake
./flickr8k/Images/2236016316_f476cbbf06.jpg,A boy in a blue shirt is playing with a ball in a crowd
./flickr8k/Images/2243904502_2d265fed80.jpg,A dog with a yellow ball in its mouth
./flickr8k/Images/2245916742_73af13c733.jpg,A man and woman are sitting on a rock
./flickr8k/Images/2246717855_c0c08fe5d2.jpg,A man and a woman are standing in a crowd
./flickr8k/Images/2252635585_b48b3485b0.jpg,A dog carries a huge stick in its mouth
./flickr8k/Images/2258951972_92763fddab.jpg,A black dog runs with a ball in its mouth
./flickr8k/Images/2261962622_e9318a95eb.jpg,A woman in a yellow shirt is looking at a man in a blue shirt
./flickr8k/Images/2267819545_446c5a3e18.jpg,A man in a black shirt and a woman in a white shirt
./flickr8k/Images/2267923837_ae88678497.jpg,A man and a woman are posing for a picture
./flickr8k/Images/2275372714_017c269742.jpg,A group of young boys are playing soccer
./flickr8k/Images/2277299634_e14bdb7ff7.jpg,A man in a red jacket and a hat is standing in a busy street
./flickr8k/Images/2281054343_95d6d3b882.jpg,A man in a black jacket and a woman in a black coat
./flickr8k/Images/2282260240_55387258de.jpg,A little girl in a pink dress plays in a pool
./flickr8k/Images/2285570521_05015cbf4b.jpg,A snowboarder is jumping over a snowy hill
./flickr8k/Images/2293424366_7b5fcd2398.jpg,A boy in a red shirt is playing basketball
./flickr8k/Images/2294688426_96c8614f1d.jpg,A man in a hat and sunglasses looks at a camera
./flickr8k/Images/2303951441_3c8080907a.jpg,A black dog runs with a tennis ball in its mouth
./flickr8k/Images/2313822078_282dc07531.jpg,A small child in a green jacket and hat is swinging on a tire swing
./flickr8k/Images/2315418282_80bd0bb1c0.jpg,A white dog is jumping over a log in a lake
./flickr8k/Images/2319808437_bbbdc317c0.jpg,A man in a black coat and a hat is standing on a rocky shore
./flickr8k/Images/2321466753_5606a10721.jpg,A little boy in a red shirt is holding a flag
./flickr8k/Images/2325258180_6217dd17eb.jpg,A black dog biting a small white dog
./flickr8k/Images/2330062180_355ccbceb5.jpg,A dog is running through snow
./flickr8k/Images/2335634931_7e9e8c2959.jpg,A man in a black shirt and white pants is holding a white dog
./flickr8k/Images/2337919839_df83827fa0.jpg,A man in a white shirt and black shorts playing with a ball
./flickr8k/Images/2340206885_58754a799a.jpg,Two dogs in the snow
./flickr8k/Images/2345984157_724823b1e4.jpg,A dog swimming with a stick in its mouth
./flickr8k/Images/2351479551_e8820a1ff3.jpg,A man in a red shirt is doing a trick on a skateboard
./flickr8k/Images/2351762979_0941aecced.jpg,A little boy in a blue shirt climbs a chain link fence
./flickr8k/Images/2363100645_c3423a0433.jpg,A woman in a white shirt and black pants is sitting on a white couch
./flickr8k/Images/2366643786_9c9a830db8.jpg,A man in a blue shirt is walking on a beach
./flickr8k/Images/236730743_0d4fd8de5a.jpg,A person in a red shirt and black pants is riding a boat on a lake
./flickr8k/Images/2367318629_b60cf4c4b3.jpg,A man and a woman wearing a red and white costume
./flickr8k/Images/2371749487_d80195a2e7.jpg,A man in a red jacket is riding a red and red car
./flickr8k/Images/2371809188_b805497cba.jpg,Two people are sitting on a rock in front of a large rock
./flickr8k/Images/2379150102_157d718d1d.jpg,A dog walks down a street with a tennis ball in its mouth
./flickr8k/Images/2380464803_a64f05bfa9.jpg,A man in a black shirt and a woman in a red shirt
./flickr8k/Images/2382411771_a16145f345.jpg,A dog with a ball in its mouth is running in a field
./flickr8k/Images/2394824046_51cec8e5e7.jpg,A man in a striped shirt is sitting on a chair in a chair
./flickr8k/Images/2398605966_1d0c9e6a20.jpg,A dog running through a snowy field
./flickr8k/Images/2400958566_4e09424046.jpg,A man climbs a rock
./flickr8k/Images/241345811_46b5f157d4.jpg,A man in a white uniform is holding a football
./flickr8k/Images/241346471_c756a8f139.jpg,A football player in a red uniform is running with the ball
./flickr8k/Images/2417341107_97dbab9c5e.jpg,A man in a red shirt is standing on the beach
./flickr8k/Images/2419186511_f0ce5f9685.jpg,A little boy in a yellow shirt is playing on a slide
./flickr8k/Images/242558556_12f4d1cabc.jpg,A young boy wearing a blue shirt and a red shirt
./flickr8k/Images/2426215757_e008a91fcb.jpg,A man in a red kayak is riding a wave
./flickr8k/Images/2428094795_d3a8f46046.jpg,A little girl in a pink hat and pink hat is riding a tricycle
./flickr8k/Images/2428797297_7fc3c862db.jpg,A dog bites at a person s face
./flickr8k/Images/2429272699_8a9699775e.jpg,A man in a black shirt and white shorts is walking on a beach
./flickr8k/Images/2439031566_2e0c0d3550.jpg,A man in a red shirt and a woman in a red shirt sitting on a bicycle
./flickr8k/Images/2445783904_e6c38a3a3d.jpg,A dog with a red collar runs through a field
./flickr8k/Images/244910130_e1f823a28a.jpg,A man in a green shirt and a hat is holding a camera
./flickr8k/Images/2451114871_8617ae2f16.jpg,A race dog is running with a number 8
./flickr8k/Images/2458033289_f0616879df.jpg,A man in a white shirt and a woman in a white dress
./flickr8k/Images/2462702522_1b25654762.jpg,A boy in a red shirt plays with a ball
./flickr8k/Images/2465218087_fca77998c6.jpg,A man in a yellow kayak is standing in a river
./flickr8k/Images/2471493912_2d4746b834.jpg,Two children playing on a beach
./flickr8k/Images/2473738924_eca928d12f.jpg,A man in a white uniform is holding a flag
./flickr8k/Images/247691240_3881777ab8.jpg,A man climbs a rock
./flickr8k/Images/2477121456_1ac5c6d3e4.jpg,A dog swims through a river
./flickr8k/Images/2479652566_8f9fac8af5.jpg,A woman in a red shirt and red pants is sitting on a bench
./flickr8k/Images/2481490320_7978c76271.jpg,A man in a wetsuit is riding a kayak on a lake
./flickr8k/Images/2483993772_f64e9e4724.jpg,A dog is playing with a tennis ball in a tennis ball
./flickr8k/Images/2490179961_e842fda5eb.jpg,A woman with a mohawk and a white shirt
./flickr8k/Images/2490768374_45d94fc658.jpg,A little girl in a pink dress and pink dress
./flickr8k/Images/2492258999_5764124bba.jpg,A group of people sitting on a bench with a man in a white shirt and a black and white shirt sitting on a bench
./flickr8k/Images/2495931537_9b8d4474b6.jpg,A brown dog is biting a white dog that is laying on a white carpet
./flickr8k/Images/2497074804_b4f3e7fd90.jpg,A man in a black jacket and white pants walks down a city street
./flickr8k/Images/2501742763_b2cb322087.jpg,A black dog with a red collar runs through grass
./flickr8k/Images/2502835694_4fe121bbea.jpg,A man and a woman are standing on a busy street
./flickr8k/Images/2504277798_936a09c74d.jpg,A woman in a black coat and a hat is looking at a camera
./flickr8k/Images/2507312812_768b53b023.jpg,A dog is running through the water
./flickr8k/Images/2510020918_b2ca0fb2aa.jpg,A young boy wearing a black jacket and white hat is sitting on a white chair
./flickr8k/Images/2510560080_1439fe32f2.jpg,Two people are sitting on a bench with a dog and a man in the background
./flickr8k/Images/2513260012_03d33305cf.jpg,A dog running on the beach
./flickr8k/Images/2518853257_02f30e282e.jpg,A woman sitting on a bench with a child in a green shirt
./flickr8k/Images/2521062020_f8b983e4b2.jpg,A man in a black shirt is standing on a brick wall with a man in a red shirt
./flickr8k/Images/2525666287_638ab5e784.jpg,A man and woman are sitting on a bench
./flickr8k/Images/2528552898_9e49a7033f.jpg,A yellow race car drives through a race
./flickr8k/Images/2534652796_c8a23288ab.jpg,A little girl in a pink dress and a red dress
./flickr8k/Images/2537119659_fa01dd5de5.jpg,A woman in a yellow jacket and a yellow jacket is sitting on a red car
./flickr8k/Images/2537583012_4a358a6a8a.jpg,A man in a black shirt and a woman in a blue shirt
./flickr8k/Images/2542662402_d781dd7f7c.jpg,A dog jumps over a hurdle
./flickr8k/Images/2544182005_3aa1332bf9.jpg,A man in a red jacket rides a bicycle down a snowy hill
./flickr8k/Images/2550011909_6b95f11330.jpg,Two people sit on a campfire at a campfire
./flickr8k/Images/2555622234_3e531e4014.jpg,A dog running on the beach
./flickr8k/Images/2564663851_3a9832e4fc.jpg,A young boy in a red shirt is walking down a street
./flickr8k/Images/2565350330_c7f305e7f7.jpg,A man in a white shirt and black pants is sitting on a tree stump
./flickr8k/Images/2570365455_41cc9a7d2b.jpg,A little boy in a red shirt and a hat is holding a flag
./flickr8k/Images/2570559405_dc93007f76.jpg,Two dogs are in a tree
./flickr8k/Images/2578003921_e23b78e85f.jpg,A person in a red jacket and blue jeans is riding a bike in a forest
./flickr8k/Images/2579268572_d78f8436cb.jpg,A group of people are in a yellow kayak
./flickr8k/Images/2583001715_1ce6f58942.jpg,A white dog jumps to catch a tennis ball
./flickr8k/Images/2587818583_4aa8e7b174.jpg,Two children are playing on a trampoline
./flickr8k/Images/2592019072_a6c0090da4.jpg,A little girl in a pink shirt running with a ball in her hand
./flickr8k/Images/2592711202_55f8c64495.jpg,A woman in a yellow dress and a girl in a pink dress
./flickr8k/Images/2594459477_8ca0121a9a.jpg,A man in a black shirt and white shorts is walking on a rocky beach
./flickr8k/Images/2598979962_c01811cfca.jpg,A man in a red shirt is playing with a ball in a grassy field
./flickr8k/Images/2599903773_0f724d8f63.jpg,A little boy in a red shirt plays with a toy
./flickr8k/Images/2600386812_8790879d9a.jpg,A brown dog is standing in the snow
./flickr8k/Images/2606433181_f8f9d38579.jpg,Two dogs run on a field with a ball in its mouth
./flickr8k/Images/2609836649_b55831ed41.jpg,A dog swimming in a pool
./flickr8k/Images/2612949583_f45b3afe33.jpg,A man and a woman are walking down a city street
./flickr8k/Images/2616284322_b13e7c344e.jpg,A dog jumps to catch a frisbee in a competition
./flickr8k/Images/2616643090_4f2d2d1a44.jpg,A baby in a green shirt is playing with a stick
./flickr8k/Images/2618866067_07cbc83dc5.jpg,A dog with a toy in its mouth
./flickr8k/Images/263231469_e85c74f5fd.jpg,A woman and a woman are walking on the beach
./flickr8k/Images/2635908229_b9fc90d3fb.jpg,A man in a blue shirt is climbing a rock
./flickr8k/Images/2640000969_b5404a5143.jpg,A boy jumps into a swimming pool
./flickr8k/Images/2641770481_c98465ff35.jpg,A man in a black shirt and a hat is standing on a rocky shore
./flickr8k/Images/2643309379_2cde08516c.jpg,A young boy in a green shirt is running with a ball in his mouth
./flickr8k/Images/2644326817_8f45080b87.jpg,A black and white dog with a red collar running on the beach
./flickr8k/Images/2654514044_a70a6e2c21.jpg,A dog running in a field
./flickr8k/Images/2656987333_80dcc82c05.jpg,Two dogs are playing with a ball in a field
./flickr8k/Images/2657301826_aab4c36e6c.jpg,A young girl wearing a pink hat and red hat is holding a baby in a red shirt
./flickr8k/Images/2657484970_610e18144f.jpg,A man in a red canoe is paddling through a river
./flickr8k/Images/2662816021_ac474e0fde.jpg,A white dog with a stick in its mouth
./flickr8k/Images/2662890367_382eaf83bd.jpg,A dog runs through a field with a tennis ball in its mouth
./flickr8k/Images/2663794355_e726ec7e05.jpg,A man climbs a rock into a lake
./flickr8k/Images/2665264979_df9c284bf8.jpg,A little boy in a red shirt runs with a ball in its mouth
./flickr8k/Images/267015208_d80b3eb94d.jpg,A man and a woman are walking on a city street
./flickr8k/Images/2672445419_251ce9419a.jpg,A little boy in a blue shirt is holding a red flag
./flickr8k/Images/2676651833_3bb42bbb32.jpg,A little girl in a yellow dress is jumping on a red slide
./flickr8k/Images/2676937700_456134c7b5.jpg,A man and a woman are standing on a city street
./flickr8k/Images/2677614492_792023b928.jpg,A dog jumps over a red and blue and white frisbee
./flickr8k/Images/2683985894_167d267dcb.jpg,A woman and a woman wearing a red and white dress
./flickr8k/Images/2684322797_85406f571d.jpg,A woman in a white shirt and a white shirt is sitting on a bench
./flickr8k/Images/2687229880_97cfd8148e.jpg,A man in a black shirt and a woman in a white shirt
./flickr8k/Images/2688902319_52ceaf4a2a.jpg,A man in a yellow jacket and a hat is holding a camera
./flickr8k/Images/2693539377_5442430f81.jpg,A man and a woman ride a ride at a park
./flickr8k/Images/2697909987_128f11d1b7.jpg,A man in a black shirt is standing in front of a large wall
./flickr8k/Images/2698119128_62b4741043.jpg,A young girl in a swimming pool
./flickr8k/Images/269898095_d00ac7d7a4.jpg,A man and a woman sit on a bench
./flickr8k/Images/2704257993_d485058a5f.jpg,A man in a red shirt and black shorts is standing in front of a pool
./flickr8k/Images/270724499_107481c88f.jpg,A dog runs with a tennis ball in its mouth
./flickr8k/Images/2719102611_fef453bf30.jpg,A man in a yellow shirt and black pants is riding a motorcycle
./flickr8k/Images/272283076_2d4aa1d5cf.jpg,A man in a white shirt and a brown shirt is standing on a rock
./flickr8k/Images/2723477522_d89f5ac62b.jpg,Two dogs are playing in a field
./flickr8k/Images/2730994020_64ac1d18be.jpg,A dog runs with a tennis ball in its mouth
./flickr8k/Images/2734219983_fe86a60bf9.jpg,A man in a red shirt is standing in a fountain
./flickr8k/Images/2735558076_0d7bbc18fc.jpg,A man and a woman are sitting on a crowded street
./flickr8k/Images/2744321686_8811d8428c.jpg,A man in a blue shirt is sitting on a wooden bench
./flickr8k/Images/2744705147_acd767d3eb.jpg,A woman and a woman are posing for a picture
./flickr8k/Images/275002371_5b200e6a92.jpg,A dog plays with a ball in the grass
./flickr8k/Images/2751567262_e089b33ed9.jpg,A man in a white shirt and black pants is walking down a sidewalk
./flickr8k/Images/2753531542_ace2c870b7.jpg,A man in a yellow shirt climbs a rock
./flickr8k/Images/2760715910_87c7bdeb87.jpg,A man in a red shirt is standing on a street with a red flag in the background
./flickr8k/Images/2762702644_2aa3bf9680.jpg,A man in a red shirt plays with a flag on a cellphone
./flickr8k/Images/2763044275_aa498eb88b.jpg,A black dog runs with a black dog
./flickr8k/Images/2768021570_46bc6325e3.jpg,A dog jumps over a hurdle
./flickr8k/Images/2774362575_7543b8bf19.jpg,A dog with a nose collar and a woman in a black coat
./flickr8k/Images/2778290592_1910bb0431.jpg,A white dog running through a field
./flickr8k/Images/2782433864_5a0c311d87.jpg,Two dogs are running on a beach
./flickr8k/Images/2785115802_137fa30000.jpg,A dog swims through a river
./flickr8k/Images/2788628994_61123c03d2.jpg,A person in a yellow jacket and a yellow kayak is riding a dirt bike through a river
./flickr8k/Images/2788945468_74a9618cfa.jpg,A man in a blue shirt is standing in front of a large building
./flickr8k/Images/2804851816_9aae9071ca.jpg,A dog runs through a field with a ball in its mouth
./flickr8k/Images/2807177340_bc85291df5.jpg,A boy in a red shirt is jumping on a red rail
./flickr8k/Images/2813588204_69fe7deb14.jpg,A dog is running on a dirt track
./flickr8k/Images/2830880811_d7f66dd2cf.jpg,A dog with a tennis ball in its mouth
./flickr8k/Images/2832487464_2d30634e1e.jpg,A black and white dog jumps over a hurdle
./flickr8k/Images/2833431496_09d999db4d.jpg,A boy in a blue shirt is sitting on a wooden bench
./flickr8k/Images/283428775_a3665bee7c.jpg,A black dog runs through a field with a toy in its mouth
./flickr8k/Images/2836864045_9a093cfd65.jpg,A dog with a ball in its mouth runs with a ball in its mouth
./flickr8k/Images/2837808847_5407af1986.jpg,A dog swimming with a stick in its mouth
./flickr8k/Images/2844641033_dab3715a99.jpg,A little boy in a striped shirt is holding a large snake
./flickr8k/Images/2844846111_8c1cbfc75d.jpg,A man is rock climbing
./flickr8k/Images/2845845721_d0bc113ff7.jpg,A man in a blue shirt and a woman in a grassy field
./flickr8k/Images/2853205396_4fbe8d7a73.jpg,A white and white dog is swimming with a stick in its mouth
./flickr8k/Images/2854291706_d4c31dbf56.jpg,A man and woman are standing in a city
./flickr8k/Images/2856699493_65edef80a1.jpg,A man in a black shirt and a hat is sitting on a rock
./flickr8k/Images/2856700531_312528eea4.jpg,A man in a black jacket is holding a flag
./flickr8k/Images/2857558098_98e9249284.jpg,A dog with a stick in its mouth
./flickr8k/Images/2858759108_6e697c5f3e.jpg,A white dog runs on a track
./flickr8k/Images/2860872588_f2c7b30e1a.jpg,A brown dog is biting a black dog
./flickr8k/Images/2861100960_457ceda7fa.jpg,A man wearing a hat and a hat
./flickr8k/Images/2864634088_d087494dff.jpg,A man in a red and white uniform is riding a bicycle in a crowd of people
./flickr8k/Images/2866686547_0a67eb899d.jpg,A young boy in a red uniform is running with a football
./flickr8k/Images/2867968184_908d87cf2c.jpg,A skateboarder does a trick on a skateboard
./flickr8k/Images/2868324804_5cc8030484.jpg,Three young boys running on a field with a ball in the background
./flickr8k/Images/2868668723_0741222b23.jpg,A boy in a green shirt is playing with a little boy in a green shirt
./flickr8k/Images/2873522522_829ea62491.jpg,A man in a red uniform is running with a football
./flickr8k/Images/2873648844_8efc7d78f1.jpg,A white dog with a yellow toy in its mouth
./flickr8k/Images/2876494009_9f96d7eaf2.jpg,A skateboarder does a trick on a ramp
./flickr8k/Images/2876994989_a4ebbd8491.jpg,A woman in a yellow shirt and a white shirt is holding a camera
./flickr8k/Images/2877159456_ea4a46b0d2.jpg,Two women in a red and white shirt are riding a tricycle
./flickr8k/Images/2880874989_a33b632924.jpg,A little girl in a red shirt is sitting on a wooden bench
./flickr8k/Images/288177922_b889f2e1fe.jpg,Two young girls are walking down a path
./flickr8k/Images/2882743431_c3e6cd1b5c.jpg,A dog bites a white dog
./flickr8k/Images/2882893687_1d10d68f2b.jpg,Two children playing in a field
./flickr8k/Images/2884092603_786b53a74b.jpg,A woman with a white shirt and a white dress
./flickr8k/Images/2884301336_dc8e974431.jpg,A dog is jumping into a pool
./flickr8k/Images/2884420269_225d27f242.jpg,A man in a red shirt is standing on a street with a flag in a black shirt
./flickr8k/Images/288508162_1727873924.jpg,A black dog is biting a large snake
./flickr8k/Images/288880576_818b6ecfef.jpg,A man in a yellow shirt climbs a rock
./flickr8k/Images/2895966469_53e0b29295.jpg,A person in a red kayak is paddling through a river
./flickr8k/Images/2898304260_a4099a193a.jpg,Two people are jumping on a trampoline in a skate park
./flickr8k/Images/2899374885_f3b2b1a290.jpg,A young boy in a blue shirt is holding a large snake
./flickr8k/Images/2901074943_041aba4607.jpg,A little boy in a red shirt plays with a little girl on a red shirt
./flickr8k/Images/2902844125_4186bf3ab6.jpg,A man in a red shirt is doing a skateboard trick on a skateboard
./flickr8k/Images/2905975229_7c37156dbe.jpg,A man in a blue jacket is standing on a white motorcycle
./flickr8k/Images/2906054175_e33af79522.jpg,A man in a white shirt is sitting on a tree stump
./flickr8k/Images/290650302_ade636da35.jpg,A man with a mohawk and glasses is smiling
./flickr8k/Images/2909811789_ed8f3fd972.jpg,A man in a red shirt is doing a trick on a bicycle
./flickr8k/Images/2911107495_e3cec16a24.jpg,A man in a white shirt is doing a skateboard trick
./flickr8k/Images/2911928620_06c3fa293e.jpg,A dirt biker rides down a dirt track
./flickr8k/Images/2913965136_2d00136697.jpg,A man in a black shirt and white shorts is running with a ball in his hand
./flickr8k/Images/2918769188_565dd48060.jpg,A young boy jumps into a swimming pool
./flickr8k/Images/2921578694_a46ae0d313.jpg,A man in a wetsuit is riding a kayak on a lake
./flickr8k/Images/293327462_20dee0de56.jpg,A brown dog is running with a ball in its mouth
./flickr8k/Images/2937497894_e3664a9513.jpg,A man in a black shirt is snowboarding at a skate park
./flickr8k/Images/2938120171_970564e3d8.jpg,A brown dog is biting a white dog that is looking at a fence
./flickr8k/Images/293881927_ac62900fd4.jpg,A brown dog jumps over a fence
./flickr8k/Images/2940366012_1ef8ab334e.jpg,A man in a red jacket and a hat is riding a tricycle
./flickr8k/Images/2942311160_a154104c62.jpg,A dirt biker is riding on a dirt track
./flickr8k/Images/2943079526_e9033a6556.jpg,A man in a white shirt and glasses is holding a baby in a white shirt
./flickr8k/Images/2945036454_280fa5b29f.jpg,A white dog with a red collar runs with a ball in its mouth
./flickr8k/Images/2947172114_b591f84163.jpg,A football player in a red uniform is running with the ball
./flickr8k/Images/2949014128_0d96196261.jpg,A man in a black shirt and white shorts is playing with a ball
./flickr8k/Images/295258727_eaf75e0887.jpg,A dog runs down a path
./flickr8k/Images/2972929655_04233b5489.jpg,A man in a swimsuit is standing on a beach
./flickr8k/Images/2977379863_2e8d7a104e.jpg,A woman wearing a red shirt and a red shirt
./flickr8k/Images/2980348138_91cc6f6d0f.jpg,A man in a red shirt is riding a bicycle on a rocky hill
./flickr8k/Images/2986671935_0c60bbb3fa.jpg,A group of people ride bikes on a racetrack
./flickr8k/Images/2991771557_d98fa0a69f.jpg,A person in a yellow jacket and yellow pants is on a skateboard
./flickr8k/Images/300274198_eefd8e057e.jpg,A brown and white dog is biting a man in a white shirt
./flickr8k/Images/3004823335_9b82cbd8a7.jpg,A dog runs with a ball in its mouth
./flickr8k/Images/300577375_26cc2773a1.jpg,A man in a blue jacket and a black hat is standing on a city street
./flickr8k/Images/3006095077_1992b677f8.jpg,A man wearing a black hat and a hat
./flickr8k/Images/3006217970_90b42e6b27.jpg,A car drives through a puddle
./flickr8k/Images/3009383694_e045c6169e.jpg,A man in a red shirt is doing a trick on a skateboard
./flickr8k/Images/3015863181_92ff43f4d8.jpg,A woman in a white dress and a woman in a white dress
./flickr8k/Images/3017373346_3a34c3fe9d.jpg,A dog with a stick in its mouth
./flickr8k/Images/3021780428_497542a072.jpg,A man and a woman ride bikes on a street
./flickr8k/Images/3024022266_3528c16ed8.jpg,A man in a wetsuit is surfing on a wave
./flickr8k/Images/3024172109_a10198e1dd.jpg,A man in a black shirt is skateboarding on a skateboard
./flickr8k/Images/3030079705_0dee8a3e89.jpg,A young boy in a red shirt is running with a large stick
./flickr8k/Images/3031263767_2e3856130e.jpg,A man in a yellow shirt is standing in a river
./flickr8k/Images/3033668641_5905f73990.jpg,A man climbs a rock
./flickr8k/Images/3035785330_2fd5e32bb1.jpg,A man and woman are sitting on a table in a room
./flickr8k/Images/3036596725_541bbe0955.jpg,A white dog with a red collar and a black and white ball in its mouth
./flickr8k/Images/3039214579_43ef79f931.jpg,A man and a woman are riding on a bicycle
./flickr8k/Images/3042679440_010b2c596c.jpg,A group of people walking down a city street
./flickr8k/Images/3043266735_904dda6ded.jpg,A man in a hat and a hat
./flickr8k/Images/3047751696_78c2efe5e6.jpg,A woman in a yellow shirt and a yellow shirt
./flickr8k/Images/3051125715_db76cebd1e.jpg,A person in a wetsuit is rock climbing
./flickr8k/Images/3060594966_030658d318.jpg,A man in a black shirt is sitting on a skateboard
./flickr8k/Images/3060969260_08f43e4f4f.jpg,A man in a red shirt and black helmet is riding a bicycle
./flickr8k/Images/3065468339_4955e90fd3.jpg,A dog walks through a river
./flickr8k/Images/3068407619_5207b26986.jpg,A man in a bathing suit jumps into a swimming pool
./flickr8k/Images/3069216757_c419b3898e.jpg,A woman in a pink dress and a white dress
./flickr8k/Images/3069282021_e05e1829f3.jpg,A race car drives down a track
./flickr8k/Images/3073579130_7c95d16a7f.jpg,A man in a red hat and hat is holding a football
./flickr8k/Images/3077166963_fe172c709d.jpg,A woman stands on a river with a fishing pole in her hand
./flickr8k/Images/308307853_5a51fbdecc.jpg,A white dog running on the beach
./flickr8k/Images/3084711346_fda0f5a3e6.jpg,A group of people are riding on a roller coaster
./flickr8k/Images/308487515_7852928f90.jpg,A white bird is flying over a wooden fence
./flickr8k/Images/3087095548_6df7c2a8ed.jpg,A man and a woman are sitting on a bridge in a lake
./flickr8k/Images/3088322308_b0c940b3a3.jpg,A man and a dog on a beach
./flickr8k/Images/3095225232_2e6e6dc92e.jpg,A group of people are sitting on a red bench
./flickr8k/Images/309687244_4bdf3b591f.jpg,A man climbs a rock
./flickr8k/Images/3098714492_19939e3b19.jpg,A group of people are standing in a crowd
./flickr8k/Images/3098824948_23c31df031.jpg,A man and woman are posing for a picture
./flickr8k/Images/3103340819_46de7954a9.jpg,Two people are sitting on a bench in a park
./flickr8k/Images/3104690333_4314d979de.jpg,Two dogs are playing in a snowy field
./flickr8k/Images/3105315670_5f86f73753.jpg,A woman in a black coat and a hat is walking down a city street
./flickr8k/Images/3108732084_565b423162.jpg,A snowboarder jumps over a snowy hill
./flickr8k/Images/3110174991_a4b05f8a46.jpg,A man in a black shirt and a woman in a white shirt
./flickr8k/Images/3112821789_1f7c3bbb99.jpg,Two men are sitting on a ride at a fair
./flickr8k/Images/3113769557_9edbb8275c.jpg,A man and woman are standing on a city street
./flickr8k/Images/3119887391_212f379797.jpg,A man and woman are posing for a picture
./flickr8k/Images/3120266797_47e7d91614.jpg,A person in a green jacket and a backpack walking down a hill
./flickr8k/Images/3120953244_b00b152246.jpg,A little girl in a pink dress and a pink dress
./flickr8k/Images/3121521593_18f0ec14f7.jpg,A woman with a brown shirt and a brown hat
./flickr8k/Images/3122773470_b622205948.jpg,A man and a woman are standing on a hill
./flickr8k/Images/3130093622_362f32f2bb.jpg,A dog is running through snow
./flickr8k/Images/3130970054_04a3865c43.jpg,Two boys jump into a pool
./flickr8k/Images/3133825703_359a0c414d.jpg,Two men in a yellow and white shirt are sitting on a white couch
./flickr8k/Images/3136043366_b3f8607a0e.jpg,A football player in a white uniform is running with a ball in his mouth
./flickr8k/Images/3139160252_75109e9e05.jpg,Two women are posing for a picture
./flickr8k/Images/3139238055_2817a0c7d8.jpg,Three men are posing for a picture
./flickr8k/Images/3143574389_8a4048fbe2.jpg,A group of people are gathered around a crowd
./flickr8k/Images/3143982558_9e2d44c155.jpg,A little girl in a pink dress and a white dress
./flickr8k/Images/3145967019_1a83ebf712.jpg,A woman and a woman are posing for a picture
./flickr8k/Images/3148286846_40ae914172.jpg,A woman in a yellow dress and a yellow dress
./flickr8k/Images/3149804151_1cc8d10783.jpg,A man in a red helmet rides a bike down a rocky hill
./flickr8k/Images/3151492269_28d8edaa68.jpg,A dog chases a dog
./flickr8k/Images/3151860914_46e30cd5ea.jpg,A dog wearing a green sweater and a green sweater
./flickr8k/Images/3153828367_5fc2c37c07.jpg,A woman in a red shirt and white dress is sitting on a white couch
./flickr8k/Images/3155365418_43df5486f9.jpg,A man in a red shirt is jumping off a rope swing
./flickr8k/Images/3155657768_b83a7831e5.jpg,Two little girls are playing with a little girl in a blue shirt
./flickr8k/Images/3159424456_f316bdc1d5.jpg,A little girl in a yellow dress is eating a large snake
./flickr8k/Images/3159641529_c2c74f3eaf.jpg,A white and white dog running with a tennis ball in its mouth
./flickr8k/Images/3168354472_866fe70d36.jpg,A little girl in a pink dress and a yellow dress
./flickr8k/Images/3170897628_3054087f8c.jpg,Two boys in swim trunks are jumping into a lake
./flickr8k/Images/3174431688_ae84778db0.jpg,A woman and a woman are sitting on a bench
./flickr8k/Images/317488612_70ac35493b.jpg,A dog is running through snow
./flickr8k/Images/3177298173_78cea31d64.jpg,A boy in a red uniform plays with a ball
./flickr8k/Images/3178489390_13a6ae7524.jpg,A boy in a black shirt is playing with a ball in the sand
./flickr8k/Images/3180806542_49b6de312d.jpg,A man is snowboarding at a skate park
./flickr8k/Images/3181328245_7c04ce1691.jpg,A little boy in a red shirt plays with a red flag
./flickr8k/Images/3182570190_48214e54c7.jpg,A man in a white shirt and black pants is holding a flag
./flickr8k/Images/3182996527_70d9c323d5.jpg,A man in a yellow shirt is doing a trick on a bicycle
./flickr8k/Images/3183195653_11b66acb34.jpg,A man and woman wearing a red and white costume
./flickr8k/Images/3185662156_c877583c53.jpg,A man in a red jacket and a hat is skiing down a snowy hill
./flickr8k/Images/3187117682_986ffd6b67.jpg,A brown and white dog with a white collar and a white collar and a white and a white dog
./flickr8k/Images/3187364311_4c2a87083b.jpg,A man in a brown jacket is standing on the beach
./flickr8k/Images/3187395715_f2940c2b72.jpg,A man in a black shirt is skateboarding on a skateboard in a blue building
./flickr8k/Images/3191027142_33e86636ca.jpg,A man in a black jacket and a woman in a white coat
./flickr8k/Images/3192311620_99bda27fbd.jpg,A brown dog is playing on a snowy day
./flickr8k/Images/319847657_2c40e14113.jpg,A woman in a yellow shirt and blue jeans is holding a white flag
./flickr8k/Images/319870744_0e0138d205.jpg,A man in a wetsuit is hiking in the snow
./flickr8k/Images/319938879_daf0857f91.jpg,A man in a blue shirt is skateboarding on a red rail
./flickr8k/Images/3201594926_cd2009eb13.jpg,A man and woman are walking down a street with a flag on
./flickr8k/Images/3204354161_caf89ec784.jpg,A man in a blue shirt is doing a trick on a bicycle
./flickr8k/Images/3204712107_5a06a81002.jpg,A man and a woman are sitting on a bench
./flickr8k/Images/3209620285_edfc479392.jpg,Two people are walking on a rocky beach
./flickr8k/Images/3215117062_6e07a86352.jpg,A man in a blue shirt is skateboarding on a skateboard
./flickr8k/Images/3215315009_47577bf8f7.jpg,A person doing a trick on a bike
./flickr8k/Images/3215695965_69fbeba3d5.jpg,A man in a red shirt is sitting on a red chair in a chair
./flickr8k/Images/3216829599_366a43f05e.jpg,A person in a yellow kayak is surfing
./flickr8k/Images/3217893350_57be430d06.jpg,A man and a woman are standing on a beach
./flickr8k/Images/3218861747_5c5c547b66.jpg,A man doing a trick on a skateboard
./flickr8k/Images/3219065971_702c4e8c34.jpg,A boy in a blue shirt is sitting on a red and white chair
./flickr8k/Images/3219122000_bd6b4ae5ff.jpg,A dog runs through a field with a tennis ball in its mouth
./flickr8k/Images/3219210794_4324df188b.jpg,A man doing a trick on a skateboard
./flickr8k/Images/3220140234_e072856e6c.jpg,Two men are playing on a park bench
./flickr8k/Images/3223809913_ae15d14d9a.jpg,A man in a black shirt is skateboarding on a skateboard
./flickr8k/Images/3223973114_6c15538ce9.jpg,A dog runs through a field
./flickr8k/Images/3225880532_c8d5d1d798.jpg,A young girl wearing a red hat and red hat
./flickr8k/Images/3226796100_08c49cfa5c.jpg,A man in a yellow shirt is playing with a ball in the background
./flickr8k/Images/3227594168_3351722aae.jpg,A woman and a woman are sitting on a lawn
./flickr8k/Images/3231575742_31732664cf.jpg,A man in a red jacket and red pants is skiing down a snowy hill
./flickr8k/Images/3232030272_b2480a5fe7.jpg,A man in a black jacket and a hat is standing on a park bench
./flickr8k/Images/3235746553_a40416c00e.jpg,A brown dog is running on the beach
./flickr8k/Images/3237760601_5334f3f3b5.jpg,A man in a red shirt is snowboarding at a ski lift
./flickr8k/Images/3240048764_acce8af2a5.jpg,A man and a woman sit on a rock in the water
./flickr8k/Images/3243233886_235a80e8c7.jpg,A little boy in a red shirt is sitting on a red chair on a playground equipment
./flickr8k/Images/3244470342_c08f6bb17e.jpg,A person in a yellow jacket climbs a rock
./flickr8k/Images/3245504245_27931f5ec1.jpg,A woman in a brown shirt and a woman in a blue shirt
./flickr8k/Images/3247693965_845b3b4349.jpg,A brown dog with a red collar is in the snow
./flickr8k/Images/3251906388_c09d44340e.jpg,A white dog is running through a snowy field
./flickr8k/Images/3255017708_2b02bfcdcf.jpg,A man in a red shirt is standing on a skateboard in a skate park
./flickr8k/Images/325576658_59f68bdbd6.jpg,A man in a yellow jacket and a hat is holding a sign
./flickr8k/Images/3256456935_664a7a5bba.jpg,A man in a black shirt and a woman in a red shirt
./flickr8k/Images/3257182199_5fda78d870.jpg,A man is standing on a rocky shore near a lake
./flickr8k/Images/3258396041_69717247f7.jpg,A man in a red shirt and a woman in a red shirt
./flickr8k/Images/3259222690_69737f2a6e.jpg,A man in a black shirt and a woman in a blue shirt
./flickr8k/Images/3262849619_0bc4f88ef9.jpg,A dog with a stick in its mouth is running in the snow
./flickr8k/Images/3264397357_72f084cac1.jpg,A woman wearing a red hat and a hat is looking at a mountain
./flickr8k/Images/3264464625_c711cc40c6.jpg,A man and a woman are in a swimming pool
./flickr8k/Images/3265578645_4044a7049a.jpg,A man and a woman are walking down a street
./flickr8k/Images/3268443910_b36dbc1e5c.jpg,A man in a yellow shirt is holding a ball
./flickr8k/Images/3270691950_88583c3524.jpg,A man in a black wetsuit is jumping into a lake
./flickr8k/Images/3275065565_9e2a640fbc.jpg,A white dog with a black collar and a white dog
./flickr8k/Images/3277824093_299cbb3138.jpg,A man in a blue shirt climbs a rock
./flickr8k/Images/3278777548_290b881018.jpg,A man is climbing a rock into a lake
./flickr8k/Images/3280173193_98c2d6a223.jpg,A woman and a dog are walking on the beach
./flickr8k/Images/3281580623_8c3ba0fdb2.jpg,A dog with a ball in its mouth
./flickr8k/Images/3284899112_f11ab3cfe6.jpg,A man in a red jacket and a hat is standing in front of a brick building
./flickr8k/Images/3286822339_5535af6b93.jpg,A man and woman are walking down a city street
./flickr8k/Images/3293596075_973b0bfd08.jpg,A dog is running through a snowy field
./flickr8k/Images/3294179574_4f67e67d6f.jpg,A man in a blue shirt is jumping into a pool
./flickr8k/Images/3294202771_e8ee78a439.jpg,A man in a black wetsuit is jumping into the air on a beach
./flickr8k/Images/3294830188_e46bd9b93c.jpg,A white dog with a collar and a black collar is running on a dirt track
./flickr8k/Images/3295024992_887a95c700.jpg,A snowboarder jumps over a snowy hill
./flickr8k/Images/3301859683_2d5e4b40a3.jpg,A man in a red jacket snowboarding
./flickr8k/Images/3303787342_b258b377b6.jpg,A person in a red jacket snowboarding down a snowy hill
./flickr8k/Images/3304030264_da3dd18c7b.jpg,A man in a red shirt is skateboarding on a skateboard
./flickr8k/Images/3304484212_b950233c30.jpg,A man in a red jacket and red pants skiing down a snowy hill
./flickr8k/Images/3314180199_2121e80368.jpg,A little boy in a red shirt plays with a ball
./flickr8k/Images/3314900697_c5c5ae9af6.jpg,A man in a black jacket is playing with a black dog
./flickr8k/Images/3317960829_78bbfafbb6.jpg,A woman in a red shirt sitting on a wooden bench
./flickr8k/Images/3319058642_885d756295.jpg,A woman wearing a black shirt and a brown shirt
./flickr8k/Images/3320154278_c67e01b8d1.jpg,A man in a yellow shirt is riding a bicycle in a skate park
./flickr8k/Images/3321334180_8f764e0e0f.jpg,A white bird with a stick in its mouth
./flickr8k/Images/3322200641_c2e51ff37b.jpg,A black dog is jumping over a snowy hill
./flickr8k/Images/3325129757_7a1979ac11.jpg,A man in a yellow shirt climbs a mountain
./flickr8k/Images/3328495660_ed0e3f29cf.jpg,Two women in a white dress and white dog
./flickr8k/Images/3331009729_d3b14738e6.jpg,A woman in a black shirt and a black hat is looking at a camera
./flickr8k/Images/3331190056_09f4ca9fd2.jpg,A woman in a blue shirt and a woman in a green shirt
./flickr8k/Images/3332136681_9aecf101fd.jpg,A man in a red jacket is holding a flag
./flickr8k/Images/3334300164_e75e0479ae.jpg,A man in a wetsuit is surfing on a wave
./flickr8k/Images/3334866049_f5933344aa.jpg,A person in a yellow jacket and a yellow jacket is snowboarding down a snowy hill
./flickr8k/Images/3335501468_628655d608.jpg,A dog swims through a river
./flickr8k/Images/3339263085_6db9fd0981.jpg,A dog with a stick in its mouth is walking through a river
./flickr8k/Images/3340575518_137ce2695f.jpg,A man and a woman are hiking in a field
./flickr8k/Images/3341489212_a879e1544a.jpg,A girl in a bathing suit swimming in a pool
./flickr8k/Images/3343311201_eeb1a39def.jpg,A little boy in a striped shirt plays with a large snake
./flickr8k/Images/3344411431_6f4917bb2f.jpg,Three men are posing for a picture
./flickr8k/Images/3352871762_c9e88592d3.jpg,A woman with a white shirt and a black hat
./flickr8k/Images/3354063643_1d8814eb13.jpg,A brown and white dog with a red collar and a red collar
./flickr8k/Images/3355683198_715fb1a2ac.jpg,A man in a blue shirt is standing on a brick wall with a red bag in the background
./flickr8k/Images/3357937209_cf4a9512ac.jpg,A white dog with a black collar runs with a ball in its mouth
./flickr8k/Images/3358682439_be4b83544c.jpg,A man in a brown shirt and black hat is holding a dog
./flickr8k/Images/3359530430_249f51972c.jpg,A group of people are in a red and white tent
./flickr8k/Images/3361411074_83f27d2a1c.jpg,A dog jumps over a hill
./flickr8k/Images/3364796213_b8948913b5.jpg,A group of people are riding on a crowded street
./flickr8k/Images/336551609_1385ab139e.jpg,A person walking on a snowy hill
./flickr8k/Images/3365783912_e12c3510d8.jpg,A man and woman are walking down a city street
./flickr8k/Images/3366571152_20afb88ac1.jpg,A man in a red shirt is standing on a street with a flag on it
./flickr8k/Images/3366904106_e996320d20.jpg,A boy in a blue shirt is doing a trick on a skateboard
./flickr8k/Images/3372251830_baa3665928.jpg,A woman with a yellow shirt and a woman in a green shirt
./flickr8k/Images/3374384485_751f719be4.jpg,A person in a red shirt is jumping off a tree bridge over a tree
./flickr8k/Images/3378553508_e37e281d25.jpg,A man in a black shirt and white pants is sitting on a bench
./flickr8k/Images/3380364224_2626d9d354.jpg,A snowboarder jumps over a snowy hill
./flickr8k/Images/3381392182_db2c42430e.jpg,A woman in a pink dress and a white dress
./flickr8k/Images/3384742888_85230c34d5.jpg,A dog bites at a green ball
./flickr8k/Images/3387661249_33e5ba0bc5.jpg,A brown dog is jumping over a fence
./flickr8k/Images/3388094307_5a83be64a5.jpg,A man in a white uniform is jumping on a tennis court
./flickr8k/Images/3393152604_27bd1037f2.jpg,A black and white dog is jumping into a stream
./flickr8k/Images/3393343330_b13df4d8ec.jpg,A group of people are sitting on a table in a crowded restaurant
./flickr8k/Images/3394654132_9a8659605c.jpg,A man and a woman are smiling at a camera
./flickr8k/Images/3394750987_a32ecc477e.jpg,A man doing a skateboard trick on a skateboard
./flickr8k/Images/3397259310_1ed1a346b5.jpg,A man in a black shirt and white pants is riding a skateboard down a ramp
./flickr8k/Images/339822505_be3ccbb71f.jpg,A woman and a woman are sitting on a campfire
./flickr8k/Images/3399312265_9c74378692.jpg,A dog is playing in the snow
./flickr8k/Images/3399843227_3b9d2a8dbf.jpg,A woman and a woman are posing for a picture
./flickr8k/Images/3400041870_4e7732b40f.jpg,A woman and a woman are posing for a picture
./flickr8k/Images/3400135828_0ac128b6eb.jpg,A black and white dog jumping over a snowy hill
./flickr8k/Images/3406409018_03de95181e.jpg,A man in a red jacket and black pants is on a red and white scooter
./flickr8k/Images/3410215754_5d5caeffaf.jpg,A man in a red shirt is skateboarding on a skateboard
./flickr8k/Images/3415228562_4efa9c9b70.jpg,A woman and a woman are walking on a sidewalk
./flickr8k/Images/3419916411_72934edcdb.jpg,A brown dog is running with a tennis ball in its mouth
./flickr8k/Images/3420064875_0349a75d69.jpg,A brown dog is sitting on a red and yellow car
./flickr8k/Images/3420260768_26a600b844.jpg,A man in a yellow shirt is doing a skateboard trick
./flickr8k/Images/3421131122_2e4bde661e.jpg,A person in a red kayak is paddling through a river
./flickr8k/Images/3421789737_f625dd17ed.jpg,A man in a blue shirt is riding a blue slide
./flickr8k/Images/3424927725_c4d1fcfac3.jpg,A person in a yellow kayak is rock climbing
./flickr8k/Images/3425756814_13909354d4.jpg,A man in a white shirt is holding a flag
./flickr8k/Images/3426724811_137855b4f7.jpg,A man in a red jacket is holding a flag in a crowd
./flickr8k/Images/3427118504_93126c83e0.jpg,A man and woman are posing for a picture
./flickr8k/Images/3427301653_4ff0d6fd93.jpg,A man in a black shirt and a hat is playing a guitar
./flickr8k/Images/3427540832_c882fded1d.jpg,A man wearing a red hat and black hat
./flickr8k/Images/3429142249_d09a32e291.jpg,A man climbs a rock
./flickr8k/Images/3429465163_fb8ac7ce7f.jpg,A little boy in a red shirt is holding a red flag
./flickr8k/Images/3430782104_34da558eba.jpg,A man in a brown shirt and black hat is riding a horse on a dirt track
./flickr8k/Images/3431671749_e8e3a449ac.jpg,A person in a yellow jacket and black pants is sitting on a red and yellow car
./flickr8k/Images/3432586199_e50b0d6cb7.jpg,A child in a red jacket and a red jacket is in a snowy area
./flickr8k/Images/3437034427_6df5e9fbf9.jpg,A woman in a yellow dress and a white dress
./flickr8k/Images/3441511444_b031585b45.jpg,A man in a red jacket and a woman in a red jacket
./flickr8k/Images/3442622076_c3abe955e5.jpg,A man and woman are posing for a picture
./flickr8k/Images/3443161359_65544fd732.jpg,A man stands on a rock overlooking a mountain
./flickr8k/Images/3448490813_f9623e864d.jpg,A man in a red shirt is sitting on a red chair in a chair
./flickr8k/Images/345785626_9fa59f38ce.jpg,A man in a wetsuit is standing on a rocky shore
./flickr8k/Images/3458215674_2aa5e64643.jpg,A car drives down a dirt road
./flickr8k/Images/3459492423_c881f12c9f.jpg,A man climbs a rock
./flickr8k/Images/3459570613_3932816d3f.jpg,Two young boys playing with a red and white dog
./flickr8k/Images/3461677493_5bfb73038e.jpg,A woman in a yellow dress and a woman in a dress
./flickr8k/Images/3462512074_2b4db1ffd6.jpg,A person climbs a rock
./flickr8k/Images/3464708890_3cab754998.jpg,A man in a black shirt is skateboarding on a skateboard
./flickr8k/Images/3465000218_c94e54e208.jpg,A woman with a mohawk and a hat
./flickr8k/Images/347186933_880caaf53b.jpg,A man in a red shirt climbs a rock
./flickr8k/Images/3472485022_5d03e9852d.jpg,A brown dog with a ball in its mouth
./flickr8k/Images/3474406285_01f3d24b71.jpg,A dog jumps over a frisbee in a field
./flickr8k/Images/3475092236_cf45d383c7.jpg,A group of people are sitting on a crowded street
./flickr8k/Images/3477778668_81ff0a68e0.jpg,A group of people are standing on a crowded street
./flickr8k/Images/3480052428_c034b98a08.jpg,A group of people are standing on a beach
./flickr8k/Images/3484070900_3e76d7fd30.jpg,A man in a red jacket snowboarding at a ski lift
./flickr8k/Images/3484842724_ef1124c87a.jpg,A man in a white uniform is playing a baseball game
./flickr8k/Images/3485816074_363cab4bff.jpg,A football player in a red uniform is running with the ball in the background
./flickr8k/Images/3486340101_ff01d8f3f9.jpg,A group of people are riding on a dirt track
./flickr8k/Images/3488512097_e500cb499f.jpg,A man in a yellow shirt and blue helmet is riding a motorcycle
./flickr8k/Images/3493255026_5fdaa52cbe.jpg,A dog with a ball in its mouth
./flickr8k/Images/3494345896_dd6b32cfa3.jpg,A dog with a red collar and a white ball in its mouth
./flickr8k/Images/3494394662_3edfd4a34c.jpg,A man wearing a black hat and a hat
./flickr8k/Images/3497069793_2d4baf5b4b.jpg,A boy in a blue shirt is jumping on a blue slide
./flickr8k/Images/3500829879_a643818d84.jpg,A motorcycle racer in a red and white uniform is driving on a red motorcycle
./flickr8k/Images/3501083764_cf592292a6.jpg,A group of people are sitting on a rock
./flickr8k/Images/3513362553_5fc5779e20.jpg,A man in a white uniform is holding a football
./flickr8k/Images/3516825206_5750824874.jpg,Two boys sit on a rock
./flickr8k/Images/3516935867_78cf63c69c.jpg,A man in a black shirt and black pants is jumping over a white and black and white ball
./flickr8k/Images/3517023411_a8fbd15230.jpg,A man in a red shirt and black helmet is riding a bicycle
./flickr8k/Images/3518608016_46453d8b18.jpg,A little boy in a brown shirt is playing with a stick
./flickr8k/Images/3525417522_7beb617f8b.jpg,A brown dog is running through a field with a large stick in its mouth
./flickr8k/Images/3526150930_580908dab6.jpg,A woman and a girl are posing for a picture
./flickr8k/Images/3526431764_056d2c61dc.jpg,A man and woman are posing for a picture
./flickr8k/Images/3528902357_be2357a906.jpg,A man in a yellow shirt is riding a bicycle in a forest
./flickr8k/Images/3530342993_a4a1f0e516.jpg,A man doing a trick on a bicycle in a skate park
./flickr8k/Images/3533451027_b078e4631b.jpg,A man in a blue uniform is holding a football
./flickr8k/Images/3533922605_a2b1e276f6.jpg,A woman in a blue shirt is sitting on a bench
./flickr8k/Images/3535768334_a3924bcccd.jpg,A man doing a trick on a bike in a skate park
./flickr8k/Images/3537218226_478d2e4f26.jpg,A man is riding a bicycle down a rocky hill
./flickr8k/Images/3540241710_a4f49cde52.jpg,A skateboarder does a trick on a skateboard
./flickr8k/Images/3540416139_c884f38351.jpg,A dog runs with a ball in its mouth
./flickr8k/Images/3540598210_972f0ff573.jpg,A woman in a pink dress and a pink hat
./flickr8k/Images/3541962817_78bcd3835b.jpg,A horse jumping over a fence
./flickr8k/Images/3543378438_47e2712486.jpg,A man in a red shirt is sitting on a cellphone
./flickr8k/Images/3545586120_283d728a97.jpg,Two men are playing basketball
./flickr8k/Images/3545652636_0746537307.jpg,A boy in a red shirt plays in a fountain
./flickr8k/Images/3547647914_4dd56a8c1b.jpg,A group of people are walking down a street with their hands and two people
./flickr8k/Images/3549006919_3604bc813e.jpg,A man in a yellow shirt is rock climbing
./flickr8k/Images/3549140234_e99b07c739.jpg,A man in a blue shirt is skateboarding on a skateboard
./flickr8k/Images/3556390715_65c6d1e88b.jpg,A white dog with a tennis ball in its mouth runs on a field
./flickr8k/Images/3556598205_86c180769d.jpg,A dirt biker is being ridden around a bend in the dirt
./flickr8k/Images/3556792157_d09d42bef7.jpg,A group of children sit on a table with their hands in the air
./flickr8k/Images/3558683579_8fb36b55a6.jpg,A man in a white shirt and black pants is holding a ball in a crowd
./flickr8k/Images/3560977956_e08d2cd531.jpg,A man in a yellow kayak is being splashed by a wave
./flickr8k/Images/3561314880_ea9a7e245f.jpg,A man in a black jacket and a hat is standing in a city
./flickr8k/Images/3561639055_5ac66ae92f.jpg,A man in a yellow shirt is riding a bicycle in a park
./flickr8k/Images/3562302012_0cbcd01ff9.jpg,A young boy wearing a red shirt is playing on a dock
./flickr8k/Images/3563668905_689ed479c5.jpg,A man in a red shirt is riding a bicycle on a dirt bike
./flickr8k/Images/3564436847_57825db87d.jpg,A woman in a red jacket is walking down a street with a red and red flag on her back
./flickr8k/Images/3564742915_5f940b95b4.jpg,A man climbs a rock
./flickr8k/Images/3569284680_44fef444ef.jpg,A woman wearing a white dress and a white hat
./flickr8k/Images/3569406219_f37ebf7b92.jpg,Two women in a red and white dress are walking down a street
./flickr8k/Images/3569420080_72fbe84751.jpg,A man and a woman are posing for a picture
./flickr8k/Images/357725852_6f55cb9abc.jpg,A man in a boat on a lake
./flickr8k/Images/3578068665_87bdacef6a.jpg,A yellow car is driving on a racetrack
./flickr8k/Images/3580741947_cc64a83648.jpg,A man in a black coat and a woman in a white coat and black coat
./flickr8k/Images/3581451227_618854cea4.jpg,Two young girls in a field
./flickr8k/Images/3582920844_2742804f3d.jpg,A person in a wetsuit is surfing on a wave
./flickr8k/Images/3589052481_059e5e2c37.jpg,A woman with a mohawk holds a camera
./flickr8k/Images/3591458156_f1a9a33918.jpg,A man in a red uniform is playing with a ball in a crowd
./flickr8k/Images/3592992234_6d3fe58a70.jpg,A young boy in a yellow shirt is holding a stick
./flickr8k/Images/3593220756_5c416c3ceb.jpg,A man in a red shirt is surfing on a wave
./flickr8k/Images/3593538248_dffa1a5ed4.jpg,A man in a black shirt and white pants is riding a red and white motorcycle
./flickr8k/Images/3594029059_cee1f4c59a.jpg,A bird flying over grass
./flickr8k/Images/3595412126_4020d4643b.jpg,Two young girls are posing for a picture
./flickr8k/Images/3596428453_8cfdec4869.jpg,A man in a red shirt and black pants is riding a bicycle
./flickr8k/Images/3596459539_a47aa80612.jpg,A man in a yellow shirt and black pants is riding a motorcycle
./flickr8k/Images/3597354819_0069aaf16e.jpg,Two boys are playing in the snow
./flickr8k/Images/3601978895_9fec23ce0c.jpg,A man in a blue shirt is holding a flag in a crowd
./flickr8k/Images/3602838407_bf13e49243.jpg,A dog swimming with a stick in its mouth
./flickr8k/Images/3603116579_4a28a932e2.jpg,A man in a red uniform is running with a football
./flickr8k/Images/3603870481_1ebc696d91.jpg,A black dog with a stick in its mouth
./flickr8k/Images/3605676864_0fb491267e.jpg,A boy in a swimming pool
./flickr8k/Images/3606942887_1159d92548.jpg,A woman in a yellow dress and a red shirt
./flickr8k/Images/3608849440_e7d2bed29f.jpg,Two young boys playing with a ball in a field
./flickr8k/Images/3609027309_af75f773d9.jpg,A man and woman are playing with a child in a red shirt
./flickr8k/Images/3610687607_895fdc94bd.jpg,A woman in a white shirt and black pants is sitting on a white couch
./flickr8k/Images/3612485097_b706d950ed.jpg,A man in a white shirt and black pants is playing with a ball in a grassy area
./flickr8k/Images/3618525295_d32d634b2e.jpg,A man and woman are sitting on a bench
./flickr8k/Images/3621623690_0095e330bc.jpg,Two men are jumping off a dock into a lake
./flickr8k/Images/362316425_bda238b4de.jpg,A group of people are sitting on a bench with a crowd behind them
./flickr8k/Images/3626998066_3ae11ee278.jpg,A dog runs with a ball in its mouth
./flickr8k/Images/3627679667_0e3de9fc90.jpg,A man in a wetsuit is surfing on a wave
./flickr8k/Images/3631344685_ed0f3e091b.jpg,A man in a red uniform is holding a football
./flickr8k/Images/3631810528_7233c0f421.jpg,A woman in a yellow jacket and black pants is sitting on a bench
./flickr8k/Images/3631986552_944ea208fc.jpg,A man in a wetsuit surfs on a wave
./flickr8k/Images/3632258003_6a0a69bf3a.jpg,Two men are sitting on a rock in the snow
./flickr8k/Images/3634400263_c6fcaa48e1.jpg,A man in a yellow shirt is doing a bicycle trick on a bike
./flickr8k/Images/3635194562_4c1dfa120a.jpg,Two children are sitting on a bench with a colorful balls in the background
./flickr8k/Images/3635577874_48ebaac734.jpg,A man in a blue shirt is doing a bicycle trick on a bike
./flickr8k/Images/3636632926_09f39f2629.jpg,A man and a woman are walking down a city street
./flickr8k/Images/3638631362_af29bbff01.jpg,A man in a yellow jacket and blue hat is riding a yellow kayak
./flickr8k/Images/3638783120_f600ceb19d.jpg,A man in a black uniform is holding a ball in a field
./flickr8k/Images/3638783842_af08dbb518.jpg,A man in a red shirt and white hat is holding a flag
./flickr8k/Images/3640020134_367941f5ec.jpg,A black dog is running through water with a stick in its mouth
./flickr8k/Images/3640104986_5d8c9a9948.jpg,A group of people sit on a bridge that is looking at a camera
./flickr8k/Images/3640422448_a0f42e4559.jpg,A man doing a trick on a skateboard
./flickr8k/Images/3643074723_94d42b7a0c.jpg,A boy in a red shirt plays on a swing
./flickr8k/Images/3644142276_caed26029e.jpg,A group of young boys playing basketball
./flickr8k/Images/3650111717_346804ec2f.jpg,A white dog running through a field
./flickr8k/Images/3651971126_309e6a5e22.jpg,A dog with a ball in its mouth
./flickr8k/Images/3653764864_225958c9c1.jpg,A man is doing a trick on a skateboard in a skate park
./flickr8k/Images/365584746_681f33fa46.jpg,A man and woman are walking on a busy street
./flickr8k/Images/3657016761_d553e514d9.jpg,A little girl in a bathing suit plays in a pool
./flickr8k/Images/365759754_6cf7068c9a.jpg,A black dog is jumping over a pile of snow
./flickr8k/Images/3660826540_481d25fbb0.jpg,A young boy wearing a striped shirt is holding a large stick
./flickr8k/Images/3662909101_21b9e59a3e.jpg,A black dog jumping over a red and yellow pole
./flickr8k/Images/3666169738_a8c74cf745.jpg,A little girl in a pink bathing suit plays in a fountain
./flickr8k/Images/3666188047_e81e1d97a7.jpg,A woman in a yellow shirt is smiling at a party
./flickr8k/Images/3666324102_18ecdf8253.jpg,Two young girls are playing on a trampoline
./flickr8k/Images/3668984985_b60ceb2ae9.jpg,A group of people are jumping into a swimming pool
./flickr8k/Images/3669564923_8fcb1a6eff.jpg,Three girls are posing for a picture
./flickr8k/Images/3671777903_6fbf643980.jpg,A man in a red shirt is surfing on a wave
./flickr8k/Images/3671933270_d124e9a1a4.jpg,A man in a yellow shirt is riding a bicycle on a dirt bike
./flickr8k/Images/3671935691_57bdd0e778.jpg,A man and woman are playing with a little girl on a grassy field
./flickr8k/Images/3672944692_8d24a44fc6.jpg,Two people are riding a horse on a hill
./flickr8k/Images/3675825945_96b2916959.jpg,A man doing a trick on a skateboard
./flickr8k/Images/3677613006_4689cb8e4e.jpg,A woman and a woman are posing for a picture
./flickr8k/Images/3679341667_936769fd0c.jpg,A man in a red shirt is doing a trick on a bicycle in a skate park
./flickr8k/Images/3681324243_b69fa90842.jpg,A man in a red uniform is running with a football
./flickr8k/Images/3686078365_9e655e238f.jpg,A woman in a red shirt and a hat is standing on a crowded street
./flickr8k/Images/3692593096_fbaea67476.jpg,A person in a red jacket climbs a rock
./flickr8k/Images/369360998_ba56fb436f.jpg,A woman in a red jacket and a red jacket snowboarding
./flickr8k/Images/3704995657_e2e114083d.jpg,A man in a yellow shirt is riding a ski lift
./flickr8k/Images/3705976184_53ae07e898.jpg,A man in a yellow shirt and a woman in a field
./flickr8k/Images/3707283973_5cdaa39340.jpg,A man stands on a rock overlooking a lake
./flickr8k/Images/3708172446_4034ddc5f6.jpg,Two people sit on a dock near a dock
./flickr8k/Images/3710073758_ac2b217f29.jpg,A man in a yellow shirt is riding a bicycle in a skate park
./flickr8k/Images/3710353645_8fbfaa4175.jpg,A boy in a blue shirt is jumping off a slide
./flickr8k/Images/3710971182_cb01c97d15.jpg,A man in a red uniform is running with a football
./flickr8k/Images/371522748_dc557bcd6c.jpg,A little boy in a blue shirt is holding a large snake
./flickr8k/Images/3716277216_c04002be81.jpg,Three women in costume are posing for a picture
./flickr8k/Images/3717309680_e5105afa6d.jpg,A man in a red and white helmet is riding a motorcycle
./flickr8k/Images/3720210639_18bb34e475.jpg,A man in a yellow shirt is riding a bicycle on a bicycle
./flickr8k/Images/3723903586_e98d3d8ec7.jpg,A race dog is running on a dirt track
./flickr8k/Images/3724718895_bd03f4a4dc.jpg,A dog with a red collar runs through a field
./flickr8k/Images/3725814794_30db172f67.jpg,A woman in a white dress and a white dress
./flickr8k/Images/3726590391_bc6e729bb6.jpg,A woman in a white shirt and a woman in a white shirt
./flickr8k/Images/3727752439_907795603b.jpg,A woman in a brown shirt and a white shirt is looking at a camera
./flickr8k/Images/373394550_1b2296b8c4.jpg,A man in a red shirt is sitting on a chair in a chair
./flickr8k/Images/374103966_2987706be1.jpg,A man and a woman are posing for a picture
./flickr8k/Images/3767841911_6678052eb6.jpg,A young girl in a yellow dress plays with a yellow toy
./flickr8k/Images/378453580_21d688748e.jpg,A dog walks down a rocky cliff
./flickr8k/Images/380515798_c2abbf46b0.jpg,A man walks down a city street with a man in the background
./flickr8k/Images/381239475_044cbffa2b.jpg,A dog swims through a river
./flickr8k/Images/381976882_0063d16d88.jpg,Two dogs are playing on a beach
./flickr8k/Images/382701159_f98c1988cd.jpg,A man in a wetsuit is surfing on a wave
./flickr8k/Images/385186343_464f5fc186.jpg,A dog jumps over a red and white fence
./flickr8k/Images/387974450_bcd205daac.jpg,A black dog runs with a frisbee in its mouth
./flickr8k/Images/390992102_67fa31b22f.jpg,A person in a red jacket and black pants is hiking through a snowy mountain
./flickr8k/Images/393284934_d38e1cd6fe.jpg,A man wearing a red hat and red hat is sitting on a rock
./flickr8k/Images/393958545_48c17c66d1.jpg,A black dog with a red collar and a black dog
./flickr8k/Images/410042380_517ccee020.jpg,A man sits on a chair in a chair
./flickr8k/Images/414773731_c3f5bf43d5.jpg,A dog walking in the snow
./flickr8k/Images/415793623_6c1225ae27.jpg,A man climbs a rock
./flickr8k/Images/421153376_d1d325568f.jpg,A dog running through a river
./flickr8k/Images/426065353_e9a604a01f.jpg,A man and woman are posing for a picture
./flickr8k/Images/430173345_86388d8822.jpg,A brown dog with a red collar runs through a field
./flickr8k/Images/431410325_f4916b5460.jpg,A brown dog swimming with a stick in its mouth
./flickr8k/Images/436393371_822ee70952.jpg,A dog bites at a man s face
./flickr8k/Images/441212506_fcc321ac28.jpg,Two dogs are running in a field with a ball in its mouth
./flickr8k/Images/441398149_297146e38d.jpg,A woman in a red shirt is walking down a path with a red flag in the background
./flickr8k/Images/446286714_dcec7f339e.jpg,A man and woman are sitting on a bench
./flickr8k/Images/447733067_09cfac3286.jpg,A woman in a pink shirt and a girl in a pink dress
./flickr8k/Images/448252603_7d928c900e.jpg,Two people are riding a dirt bike down a dirt path
./flickr8k/Images/457631171_12b1aee828.jpg,A man stands on a rock overlooking a rocky cliff
./flickr8k/Images/457945610_1a23b9ced0.jpg,A young boy jumping into a lake
./flickr8k/Images/460935487_75b2da7854.jpg,A dog bites at a woman s face
./flickr8k/Images/464116251_1ac4bc91f8.jpg,A dog is running through a field with a ball in its mouth
./flickr8k/Images/464251704_b0f0c4c87a.jpg,A little girl climbs a rock
./flickr8k/Images/468102269_135938e209.jpg,Two women and a woman are posing for a picture
./flickr8k/Images/470887795_8443ce53d0.jpg,A young boy in a red shirt is holding a baby in a red shirt
./flickr8k/Images/477768471_d7cd618fdb.jpg,A white dog is running on the beach
./flickr8k/Images/478750151_e0adb5030a.jpg,A dog runs with a ball in its mouth
./flickr8k/Images/479807115_3a484fb18b.jpg,A man in a yellow shirt and white helmet is riding a dirt bike
./flickr8k/Images/482047956_9a29e9cee6.jpg,A woman and a woman are sitting on a red slide
./flickr8k/Images/482882307_7dcb9eee11.jpg,A man in a red kayak is riding a wave
./flickr8k/Images/483039719_75181b2726.jpg,A man and woman are posing for a picture
./flickr8k/Images/487071033_27e460a1b9.jpg,A man in a black shirt is doing a skateboard trick in a crowd
./flickr8k/Images/490044494_d2d546be8d.jpg,Two dogs are running in a field
./flickr8k/Images/500446858_125702b296.jpg,A white dog with a ball in its mouth runs with a ball in its mouth
./flickr8k/Images/504765160_b4b083b293.jpg,A woman with a camera
./flickr8k/Images/506412121_67ecc7ec05.jpg,A man in a black wetsuit is standing on a beach
./flickr8k/Images/506882688_b37d549593.jpg,A man in a black shirt and a woman in a blue shirt
./flickr8k/Images/509241560_00e5b20562.jpg,A man and a woman sit on a table in a room
./flickr8k/Images/512550372_438849ce19.jpg,A man in a red hat and a hat is rock
./flickr8k/Images/514990193_2d2422af2c.jpg,A little boy in a green shirt is sitting on a wooden bench
./flickr8k/Images/515702827_be3c6ce857.jpg,A girl in a red bathing suit is swimming in a river
./flickr8k/Images/516214924_c2a4364cb3.jpg,A dog with a red collar and a red collar is resting on a red and red and red and red and red and red and red flag
./flickr8k/Images/516648762_0cff84ea97.jpg,A man in a white shirt and a woman in a white dress
./flickr8k/Images/518251319_40e031e818.jpg,A man in a black coat and a hat is standing in a city
./flickr8k/Images/519061891_320061864e.jpg,A little boy in a yellow bathing suit plays in a pool
./flickr8k/Images/519754987_51861fea85.jpg,A man and woman are sitting on a bench
./flickr8k/Images/523985664_c866af4850.jpg,A man and woman are posing for a picture
./flickr8k/Images/527946505_a51ade1578.jpg,A black dog jumping into a lake
./flickr8k/Images/527968666_1fcddf81ab.jpg,A dog swimming in a lake
./flickr8k/Images/53043785_c468d6f931.jpg,A man in a wetsuit is surfing on a wave
./flickr8k/Images/532036676_e88b13e0a1.jpg,A man in a blue shirt is holding a sign
./flickr8k/Images/534200447_b0f3ff02be.jpg,A dog jumps to catch a tennis ball in a field
./flickr8k/Images/535309053_ec737abde8.jpg,A man in a green shirt and a woman in a green dress
./flickr8k/Images/536495604_b22bbc905a.jpg,A woman and a woman are walking down a street
./flickr8k/Images/536537638_f5ee42410b.jpg,A man and a woman wearing red and black and white
./flickr8k/Images/537222436_ab406234ce.jpg,A woman in a pink coat and a pink hat
./flickr8k/Images/539493431_744eb1abaa.jpg,Two young men are standing on a sidewalk with a man in a black shirt and a brown shirt
./flickr8k/Images/539667015_fd0a3bea07.jpg,A young girl jumping on a trampoline
./flickr8k/Images/540604040_bec822c144.jpg,A boy in a red shirt jumps on a skateboard
./flickr8k/Images/541046380_513e295384.jpg,Two girls in white are playing with a ball in a crowd
./flickr8k/Images/543940240_a54a3c7989.jpg,A man and a woman are jumping on a trampoline
./flickr8k/Images/560278886_df4bd2e212.jpg,A man in a red uniform is running with a football
./flickr8k/Images/561179884_8b6b925ef9.jpg,A man climbs a rock
./flickr8k/Images/57417274_d55d34e93e.jpg,Three people are climbing a mountain
./flickr8k/Images/575636303_b0b8fd4eee.jpg,A group of people are walking on a dirt path
./flickr8k/Images/599366440_a238e805cf.jpg,A dog runs with a tennis ball in its mouth
./flickr8k/Images/61209225_8512e1dad5.jpg,A group of people are riding a horse and a man in a white shirt
./flickr8k/Images/613900608_2e49415772.jpg,A young girl in a pink shirt is running on a street
./flickr8k/Images/621000329_84f48948eb.jpg,A little girl in a red dress and a pink hat
./flickr8k/Images/632251903_b36701a5e9.jpg,A man in a red shirt is jumping into a rocky river
./flickr8k/Images/639865690_d66d480879.jpg,A man in a red jacket and black hat is holding a child in a red jacket
./flickr8k/Images/640053014_549d2f23d2.jpg,Two bikers race through a river
./flickr8k/Images/640506101_ae1145b6d1.jpg,A man in a brown jacket and black hat is holding a stick
./flickr8k/Images/661755629_602ea4cf09.jpg,A dog with a red ball in its mouth
./flickr8k/Images/664341930_bd5c8b60ea.jpg,A man in a red shirt is skateboarding on a red flag
./flickr8k/Images/684255145_db3f8e3e46.jpg,A boy in a swimming pool
./flickr8k/Images/688210930_85c5675d5b.jpg,A man in a red shirt is standing on a street with a red flag on it
./flickr8k/Images/697490420_67d8d2a859.jpg,A man in a yellow shirt is skateboarding on a yellow kayak
./flickr8k/Images/733172023_5810350af6.jpg,A woman in a dress and a dress walk down a street
./flickr8k/Images/745563422_f4fa7d9157.jpg,A man and woman are sitting on a bench
./flickr8k/Images/750196276_c3258c6f1b.jpg,A boy in a blue shirt is holding a baby in a blue chair
./flickr8k/Images/754852108_72f80d421f.jpg,A man wearing a hat and a hat
./flickr8k/Images/765091078_a8a11c6f9e.jpg,A woman and a woman are walking on a rock
./flickr8k/Images/766346887_a9a9d0637a.jpg,A boy in a blue shirt and blue jeans is climbing a red wall
./flickr8k/Images/799199774_142b1c3bb2.jpg,A boy in a swimming pool
./flickr8k/Images/822836318_21544f0f78.jpg,A man in a red jacket and a hat is skiing down a snowy hill
./flickr8k/Images/842960985_91daf0d6ec.jpg,A man in a white shirt and a hat is walking down a street
./flickr8k/Images/842961005_692737888e.jpg,A man in a white shirt and black pants is standing on a wooden bench
./flickr8k/Images/852469220_bc0fee3623.jpg,A white dog swims through a river
./flickr8k/Images/86542183_5e312ae4d4.jpg,Two boys play in the snow
./flickr8k/Images/874665322_9ad05c4065.jpg,A brown dog is running with a stick in its mouth
./flickr8k/Images/875731481_a5a0a09934.jpg,A group of people are sitting on a roller coaster
./flickr8k/Images/911527312_f81ee36b97.jpg,A little boy in a red shirt climbs a rock
./flickr8k/Images/925491651_57df3a5b36.jpg,A dog swimming in a lake
./flickr8k/Images/95151149_5ca6747df6.jpg,A man climbs a rock
./flickr8k/Images/96985174_31d4c6f06d.jpg,A man stands on a mountain overlooking a mountain
./flickr8k/Images/990890291_afc72be141.jpg,A man in a black shirt and white hat is riding a bicycle
./flickr8k/Images/2743652730_d909c7ae82.jpg,Two girls are playing on a wooden fence
./flickr8k/Images/2239938351_43c73c887c.jpg,A dog with a ball in its mouth
./flickr8k/Images/2562166462_b43b141d40.jpg,A man sits on a tree stump
./flickr8k/Images/2436160351_108924a65b.jpg,A man in a red shirt and black uniform is riding a horse
./flickr8k/Images/3273163189_dece7babf4.jpg,A brown dog is running through a snowy field
./flickr8k/Images/2433175169_da939372f2.jpg,A man in a black shirt is standing on a rock overlooking a lake
./flickr8k/Images/3154641421_d1b9b8c24c.jpg,A man in a white uniform is playing a game
./flickr8k/Images/3606909929_90a1a072b7.jpg,A race car drives through a race
./flickr8k/Images/3448855727_f16dea7b03.jpg,Two men are posing for a picture
./flickr8k/Images/1383698008_8ac53ed7ec.jpg,A snowboarder jumps over a ramp in a pile of snow
./flickr8k/Images/2952320230_26601173be.jpg,A man in a white shirt and blue shorts is playing tennis
./flickr8k/Images/3487419819_e3f89444ce.jpg,A dog swimming in a lake
./flickr8k/Images/2924884899_f512c84332.jpg,A man wearing a hat and a hat
./flickr8k/Images/2746839158_4195210d27.jpg,Two boys play in a fountain
./flickr8k/Images/3329169877_175cb16845.jpg,A person in a yellow jacket snowboarding
./flickr8k/Images/537532165_e4b7c0e61a.jpg,A little boy in a blue shirt is jumping off a slide
./flickr8k/Images/3474985008_0a827cd340.jpg,A man in a yellow jacket is riding a motorcycle
./flickr8k/Images/1056249424_ef2a2e041c.jpg,Two people are in a fountain
./flickr8k/Images/1562478333_43d13e5427.jpg,A man in a red shirt is riding a red kayak on a river
./flickr8k/Images/3203908917_53e53c03d1.jpg,A man in a red shirt is holding a flag
./flickr8k/Images/1573017288_4d481856e2.jpg,A girl in a dress and a pink shirt
./flickr8k/Images/2623560640_0445c9a138.jpg,A man and woman are walking down a snowy hill
./flickr8k/Images/365274901_576b0f8241.jpg,A dog carries a huge stick in its mouth
./flickr8k/Images/495116214_f1df479fb0.jpg,A dog running on the beach
./flickr8k/Images/3235542079_2fcf4951a1.jpg,A person in a yellow kayak is in a yellow kayak
./flickr8k/Images/2759813381_73303113d9.jpg,A white dog with a red collar runs on a grassy field
./flickr8k/Images/3404012438_9baf8dcbaf.jpg,A white dog swimming in a lake
./flickr8k/Images/1119463452_69d4eecd08.jpg,A little girl in a swimming pool
./flickr8k/Images/2346402952_e47d0065b6.jpg,A man and woman are posing for a picture
./flickr8k/Images/1193116658_c0161c35b5.jpg,A man in a red shirt and black pants is riding a bicycle
./flickr8k/Images/2873070704_2141a7a86a.jpg,A man climbs a rock
./flickr8k/Images/3518675890_2f65e23ff9.jpg,A brown dog is running through a field with a ball in its mouth
./flickr8k/Images/381052465_722e00807b.jpg,A group of people are walking on a city street
./flickr8k/Images/2936707421_8e629874b8.jpg,Two young boys playing with a ball in a field
./flickr8k/Images/3363836972_c87b58c948.jpg,A man in a red uniform is running with a football
./flickr8k/Images/1428681303_04213524e3.jpg,Two women in a white dress and a white dress walk down a street
./flickr8k/Images/3091916691_b1c96669c6.jpg,A man with a mohawk and a woman in a costume
./flickr8k/Images/2832978253_8fcc72da3b.jpg,A man in a red jacket and red hat is standing on a rocky mountain
./flickr8k/Images/109260218_fca831f933.jpg,A group of people sit on a rock
./flickr8k/Images/141755290_4b954529f3.jpg,A woman in a red shirt is holding a baby in a red shirt
./flickr8k/Images/2308978137_bfe776d541.jpg,A group of people are standing in front of a large building
./flickr8k/Images/2749124446_d4432787b5.jpg,A dog is running with a ball in its mouth
./flickr8k/Images/436013859_793d870b6f.jpg,A brown dog jumps in the air to catch a ball
./flickr8k/Images/3126795109_73920ed5dc.jpg,A man in a red uniform is playing with a ball in a crowd
./flickr8k/Images/3199895624_4f01798c6f.jpg,A woman in a brown shirt and a hat
./flickr8k/Images/2855727603_e917ded363.jpg,A dog swimming in a lake
./flickr8k/Images/505955292_026f1489f2.jpg,A little girl in a yellow shirt is sitting on a tree stump
./flickr8k/Images/511844627_0ec78e01e9.jpg,A snowboarder in a red jacket and red pants is in a red jacket
./flickr8k/Images/2913972180_547783dd3d.jpg,Two people are playing in a lake
./flickr8k/Images/2907073768_08fd7bdf60.jpg,A man in a red shirt is riding a bike through a forest
./flickr8k/Images/3111502208_71e2a414f5.jpg,A man in a red shirt and a red and white hat is riding a red and red and red and red and red and red and red and red and red and red and red and red and red and red and red and red and red and
./flickr8k/Images/3431194126_ca78f5fde6.jpg,Two people are sitting on a red and red and red and red and red and red and red and white dog
./flickr8k/Images/3691729694_2b97f14c1e.jpg,A man in a red uniform is riding a motorcycle
./flickr8k/Images/1679617928_a73c1769be.jpg,A person in a yellow jacket is sitting on a blue chair in a chair
./flickr8k/Images/2801851082_8c3c480c0f.jpg,A young girl in a yellow shirt is sitting on a swing
./flickr8k/Images/2348491126_30db0d46ef.jpg,A man in a black jacket and a hat
./flickr8k/Images/1141739219_2c47195e4c.jpg,A group of people are walking down a street with a man in a red shirt and a woman in a white shirt
./flickr8k/Images/41999070_838089137e.jpg,A dog swimming in a pool
./flickr8k/Images/248994078_a9257f448b.jpg,A dog with a blue ball in its mouth
./flickr8k/Images/3072730593_b7322d2e05.jpg,A woman with a white hat and a white hat
./flickr8k/Images/2561341745_2d77d3ff7d.jpg,A man in a black shirt and a woman in a green jacket
./flickr8k/Images/2876848241_63290edfb4.jpg,A man in a helmet rides a bicycle on a dirt bike
./flickr8k/Images/2916009941_34a0013803.jpg,A woman in a yellow shirt is sitting on a bench with a blue umbrella
./flickr8k/Images/3091580843_178042c50b.jpg,A man in a red jacket is standing on a busy street
./flickr8k/Images/3319586526_3994e9cd58.jpg,A group of children playing on a street
./flickr8k/Images/3685328542_ab999b83bb.jpg,A group of people are in a crowd
./flickr8k/Images/263850317_5bb3a18a08.jpg,A man and woman are walking down a street with a flag on the street
./flickr8k/Images/2120411340_104eb610b1.jpg,A dog is running with a tennis ball in its mouth
./flickr8k/Images/2959941749_fa99097463.jpg,A man in a red jacket and black pants is snowboarding at a skate park
./flickr8k/Images/3565749152_7924d15b04.jpg,A white dog runs with a tennis ball in its mouth
./flickr8k/Images/801607443_f15956d1ce.jpg,A man climbs a rock
./flickr8k/Images/2925242998_9e0db9b4a2.jpg,A man in a black shirt and a backpack is hiking on a rocky hill
./flickr8k/Images/2584487952_f70e5aa9bf.jpg,A brown dog runs through a field with a tennis ball in its mouth
./flickr8k/Images/515335111_c4afd5b903.jpg,A man in a yellow kayak is riding a yellow kayak through rough waters
./flickr8k/Images/1384292980_4022a7520c.jpg,A man in a black shirt and a woman in a white shirt
./flickr8k/Images/3425851292_de92a072ee.jpg,A man in a yellow shirt holds a basketball
./flickr8k/Images/3229898555_16877f5180.jpg,A white and brown dog with a white collar and a white ball in its mouth
./flickr8k/Images/2196284168_76417efbec.jpg,A baby in a yellow jacket is sitting on a blue chair
./flickr8k/Images/454709143_9c513f095c.jpg,A man in a black coat and a hat is standing on a rocky shore
./flickr8k/Images/1174629344_a2e1a2bdbf.jpg,A group of people are walking down a street with their hands in the background
./flickr8k/Images/3135826945_f7c741e5b7.jpg,A baby in a red shirt is sitting on a blue chair
./flickr8k/Images/2266901263_4324af1f03.jpg,A man and woman are playing with a man in a blue shirt
./flickr8k/Images/3317333893_9d0faa8d30.jpg,A black dog is jumping over a snowy hill
./flickr8k/Images/3693297007_94512e861e.jpg,A group of people are walking on a busy street
./flickr8k/Images/1316247213_1d2c726dd5.jpg,Two women with their hands and a girl in a pink hat
./flickr8k/Images/2623930900_b9df917b82.jpg,A woman with a white shirt and a white hat
./flickr8k/Images/2809793070_1a3387cd6e.jpg,A black dog is running through the water
./flickr8k/Images/3125309108_1011486589.jpg,A man in a red uniform is running with a football
./flickr8k/Images/98377566_e4674d1ebd.jpg,A dog with a ball in its mouth
./flickr8k/Images/2203615439_3c7cdc39dc.jpg,A man in a black coat is walking down a snowy street
./flickr8k/Images/2858439751_daa3a30ab8.jpg,A person in a yellow jacket and yellow jacket is riding a motorcycle
./flickr8k/Images/3539767254_c598b8e6c7.jpg,A man in a canoe is paddling through a lake
./flickr8k/Images/470887781_faae5dae83.jpg,A group of people are sitting on a bench with a man in the background
./flickr8k/Images/3482859574_3908de3427.jpg,A group of people are standing on a crowded street
./flickr8k/Images/2985439112_8a3b77d5c9.jpg,A man in a black shirt is doing a skateboard trick on a skateboard
./flickr8k/Images/1773928579_5664a810dc.jpg,A dog jumps over a red and blue frisbee
./flickr8k/Images/3590753142_61993d39df.jpg,A man and woman are walking on a city street
./flickr8k/Images/3707990914_843e8f15f1.jpg,A man in a yellow wetsuit is surfing on a wave
./flickr8k/Images/2728276857_3f83757ef2.jpg,Three women in costume are posing for a picture
./flickr8k/Images/3538686658_30afc75f02.jpg,A person in a red helmet rides a bike down a hill
./flickr8k/Images/262642489_f5c6b9e65b.jpg,A dog with a stick in its mouth
./flickr8k/Images/281754914_bc8119a0ed.jpg,A person in a yellow dress and a white flowers
./flickr8k/Images/3326204251_2f9e446a2f.jpg,A group of people sit on a rock
./flickr8k/Images/3482879314_d3387e95b1.jpg,A man in a black shirt and white shirt is riding a bicycle
./flickr8k/Images/118187095_d422383c81.jpg,A man in a red shirt is standing in a crowd of people
./flickr8k/Images/3215081286_d55541aa6b.jpg,A man in a black coat and a woman in a white dress
./flickr8k/Images/3354330935_de75be9d2f.jpg,A snowboarder jumps over a snowy hill
./flickr8k/Images/2186087673_c7a73da7ce.jpg,A group of people are sitting on a man in a white shirt and a woman in a white shirt
./flickr8k/Images/390360326_26f5936189.jpg,A brown dog running on the beach
./flickr8k/Images/1466479163_439db855af.jpg,A dog runs with a tennis ball in its mouth
./flickr8k/Images/2980445969_a86f4e6a0e.jpg,A dog with a red collar is looking at a man in a red jacket
./flickr8k/Images/1236951314_0308dc4138.jpg,A man in a yellow bathing suit jumps into a pool
./flickr8k/Images/2604305843_ebe3e8a328.jpg,A person in a red shirt is hanging on a swing
./flickr8k/Images/229954612_a4438297ee.jpg,A man in a red jacket is standing in a river
./flickr8k/Images/3258391809_38fc6211f7.jpg,A man in a white shirt and a woman in a white dress
./flickr8k/Images/506808265_fe84ada926.jpg,A woman in a dress and a woman in a dress
./flickr8k/Images/263216826_acf868049c.jpg,A woman in a brown shirt and a black shirt and a man are sitting on a rock
./flickr8k/Images/2759211664_d21393b668.jpg,A woman in a pink coat and a white dress walking on the beach
./flickr8k/Images/3030793171_55cd646eed.jpg,A brown dog runs through a field with a tennis ball in its mouth
./flickr8k/Images/3209564153_077ed4d246.jpg,A man in a red jacket snowboarding at a snowy mountain
./flickr8k/Images/2471297228_b784ff61a2.jpg,A man and woman are posing for a picture
./flickr8k/Images/2735290454_1bd8bc5eac.jpg,A black dog is biting a yellow toy
./flickr8k/Images/221973402_ecb1cd51f1.jpg,A little boy in a red shirt plays with a toy
./flickr8k/Images/3532200762_b28c39d311.jpg,A man in a red shirt and red shorts is walking on a river
./flickr8k/Images/3727740053_3baa94ffcb.jpg,A man and woman are posing for a picture
./flickr8k/Images/2561295656_4f21fba209.jpg,A man in a red shirt and a hat is smiling
./flickr8k/Images/1339596997_8ac29c1841.jpg,A woman and a woman are posing for a picture
./flickr8k/Images/3560081723_62da0035bd.jpg,A dirt biker is jumping over a dirt track
./flickr8k/Images/3628059004_5c3529b120.jpg,A man in a white shirt and a woman in a white dress
./flickr8k/Images/1394927474_0afdd82fc4.jpg,A man in a red shirt is standing on a city street
./flickr8k/Images/1461329041_c623b06e5b.jpg,Two women ride bikes on a city street
./flickr8k/Images/3135504530_0f4130d8f8.jpg,A woman and a woman wearing a white shirt
./flickr8k/Images/508929192_670910fdd2.jpg,Two boys playing with a ball in a field
./flickr8k/Images/3315110972_1090d11728.jpg,A white bird is flying over water
./flickr8k/Images/2021602343_03023e1fd1.jpg,A boy in a red shirt is holding a large flag
./flickr8k/Images/3537520829_aab733e16c.jpg,A man in a black coat is skateboarding on a wooden bridge
./flickr8k/Images/2641288004_30ce961211.jpg,A dog is jumping over a pile of snow
./flickr8k/Images/2432709509_2a4d0c833f.jpg,A little boy in a yellow shirt is sitting on a green lawn
./flickr8k/Images/1475046848_831245fc64.jpg,A woman in a bathing suit walks on the beach
./flickr8k/Images/432248727_e7b623adbf.jpg,A brown dog is running through a field
./flickr8k/Images/1119015538_e8e796281e.jpg,A dog runs with a tennis ball in its mouth
./flickr8k/Images/495054019_3dee8a02f5.jpg,A man in a white shirt and black shorts is running with a ball in his mouth
./flickr8k/Images/2097420505_439f63c863.jpg,A man in a black hat and a hat is standing on a snowy mountain
./flickr8k/Images/2481003841_06086eafc2.jpg,A little boy in a red shirt is holding a baby in a park
./flickr8k/Images/3044500219_778f9f2b71.jpg,Three women in a costume pose for a picture
./flickr8k/Images/247617754_4b1137de8c.jpg,A woman in a black coat and a woman in a white dress
./flickr8k/Images/3207264553_8cd4dcde53.jpg,A group of people in a yellow kayak
./flickr8k/Images/979201222_75b6456d34.jpg,A woman and a woman are walking down a city street
./flickr8k/Images/3760400645_3ba51d27f9.jpg,Two girls are sitting on a bench
./flickr8k/Images/1294578091_2ad02fea91.jpg,A man and woman are sitting on a bench
./flickr8k/Images/394136487_4fc531b33a.jpg,A yellow car drives down a yellow car
./flickr8k/Images/1252396628_eb81d3905b.jpg,A man in a red helmet rides a bike through a forest
./flickr8k/Images/2836325261_a3bf5c59be.jpg,A man in a red shirt is standing in front of a red building
./flickr8k/Images/2833560457_24aedf3bef.jpg,A brown dog runs with a tennis ball in its mouth
./flickr8k/Images/2347921097_f2e35753c0.jpg,A dog with a stick in its mouth
./flickr8k/Images/3522025527_c10e6ebd26.jpg,A man and a dog are jumping over a hill
./flickr8k/Images/506738508_327efdf9c3.jpg,A man and woman are posing for a picture
./flickr8k/Images/3468694409_a51571d621.jpg,A group of men are standing in front of a crowd
./flickr8k/Images/2170187328_65c2f11891.jpg,A boy jumps into a swimming pool
./flickr8k/Images/1313693129_71d0b21c63.jpg,Two people are walking on a beach
./flickr8k/Images/3444982197_0ff15cc50b.jpg,A man in a black jacket and a woman in a white shirt
./flickr8k/Images/1805990081_da9cefe3a5.jpg,A man in a red jacket and black pants is walking down a street
./flickr8k/Images/522486784_978021d537.jpg,A dog with a ball in its mouth
./flickr8k/Images/3297323827_f582356478.jpg,A man in a red kayak is riding a wave
./flickr8k/Images/2982928615_06db40f4cd.jpg,A brown dog runs with a tennis ball in its mouth
./flickr8k/Images/2708634088_a4686be24c.jpg,Two dogs are running through a field with a ball in its mouth
./flickr8k/Images/1937262236_cbf5bfa101.jpg,A dog with a red collar and a red and a red and white dog
./flickr8k/Images/229978782_3c690f5a0e.jpg,A man in a red shirt and red pants is playing with a ball
./flickr8k/Images/3583704941_611353857e.jpg,A man in a black shirt and a brown dog
./flickr8k/Images/2856252334_1b1a230e70.jpg,A woman in a yellow shirt is standing on a rock
./flickr8k/Images/2900048238_74bd69d87d.jpg,A man in a blue shirt and a woman in a white dress
./flickr8k/Images/1418266617_b32143275b.jpg,A dog with a red collar and a red collar is in a pool
./flickr8k/Images/707972553_36816e53a2.jpg,A man in a hat and hat is standing on a rocky shore
./flickr8k/Images/242109387_e497277e07.jpg,A little boy in a blue shirt is jumping off a slide
./flickr8k/Images/2752926645_801a198ff6.jpg,A man and woman are sitting on a bench
./flickr8k/Images/2087640654_1a84577a44.jpg,A white dog is running through a field
./flickr8k/Images/2565618804_8d7ed87389.jpg,A man in a red kayak is paddling through a river
./flickr8k/Images/3006093003_c211737232.jpg,A man in a red jacket and a hat
./flickr8k/Images/1352398363_9cc8ffcce9.jpg,A little boy in a blue shirt is playing with a blue ball
./flickr8k/Images/2947452329_08f2d2a467.jpg,A man in a white shirt and black shorts is running with a football
./flickr8k/Images/2472574160_8ce233f396.jpg,A man in a yellow jacket is holding a large stick
./flickr8k/Images/2435166927_28b8130660.jpg,A little girl in a black shirt and a brown jacket
./flickr8k/Images/2414397449_2ac3b78e0d.jpg,A dog with a ball in its mouth
./flickr8k/Images/3091338773_9cf10467b4.jpg,A dog with a stick in its mouth is running through a field
./flickr8k/Images/3415113018_7b95ddcd11.jpg,A man in a red uniform is running with a football
./flickr8k/Images/3443030942_f409586258.jpg,A man in a red jacket snowboarding down a snowy hill
./flickr8k/Images/3033686219_452b172ab0.jpg,A dog with a stick in its mouth
./flickr8k/Images/2542037086_58c833699c.jpg,A little girl in a red shirt and blue jeans climbs a slide
./flickr8k/Images/3480126681_52cea26bda.jpg,A dog running on a dirt path
./flickr8k/Images/3251976937_20625dc2b8.jpg,A brown dog is running through snow
./flickr8k/Images/3052038928_9f53aa2084.jpg,A group of young men are posing for a picture
